Идентификатор замера,Дата парсинга,Тип замера,Статус замера,Сеть,Город,Идентификатор магазина,Адрес магазина,Идентификатор товара,Название,Раздел,Категория,Основание категории,Категория METRO,Ссылка категории,Обычная цена,Единица цены,Тип цены,Основание цены,Упаковка,Наличие,Ссылка на товар,Исходный текст цены,Цена за кг/л,Единица нормализованной цены,Масса/объём для пересчёта,Основание пересчёта
2026-10-05_21-24-47_048716,2026-10-05T13:09:12+03:00,,,METRO,Москва,metro_moscow_leningradskoe_71g,"Москва и область, Ленинградское ш., 71Г",89222,"Голяшка Мираторг говяжья без кости охлажденная, ~2кг",Мясо и птица,Говядина,название и продуктовый раздел магазина,"Мясо, птица",https://online.metro-cc.ru/category/myasnye,1029.01,/кг,торговый центр,цена в блоке торгового центра,~2кг,В наличии,https://online.metro-cc.ru/products/golyashka-govyazhya-bez-kosti-miratorg-89222,1 029.01 д /кг от 1 кг,1029.01,руб/кг,1.0,Источник уже указывает цену за кг/л; в корзине 1 кг/л
2026-10-05_21-24-47_048716,2026-10-05T13:09:12+03:00,,,METRO,Москва,metro_moscow_leningradskoe_71g,"Москва и область, Ленинградское ш., 71Г",219695,"Гуляш Мясо есть! из говядины охлажденный, 600г",Мясо и птица,Говядина,название и продуктовый раздел магазина,"Мясо, птица",https://online.metro-cc.ru/category/myasnye,699.01,/шт,торговый центр,цена в блоке торгового центра,600г,Наличие не подтверждено,https://online.metro-cc.ru/products/600g-gulyash-iz-govyadiny-myaso-est-ohl-vu,699.01 д /шт от 1 шт,1165.02,руб/кг,0.6,Пересчёт по указанной в названии массе/объёму
2026-10-05_21-24-47_048716,2026-10-05T13:09:12+03:00,,,METRO,Москва,metro_moscow_leningradskoe_71g,"Москва и область, Ленинградское ш., 71Г",219698,"Мякоть говяжьей лопаточной части Мясо есть! без кости охлажденная, 600г",Мясо и птица,Говядина,название и продуктовый раздел магазина,"Мясо, птица",https://online.metro-cc.ru/category/myasnye,799.0,/шт,торговый центр,цена в блоке торгового центра,600г,В наличии,https://online.metro-cc.ru/products/600g-myakot-lopatochnoy-chasti-myaso-est-bk-ohl-vu,799 д /шт от 1 шт,1331.67,руб/кг,0.6,Пересчёт по указанной в названии массе/объёму
2026-10-05_21-24-47_048716,2026-10-05T13:09:12+03:00,,,METRO,Москва,metro_moscow_leningradskoe_71g,"Москва и область, Ленинградское ш., 71Г",305581,"Шейка свиная Останкино нарезанная охлажденная, ~1.3кг",Мясо и птица,Свинина,название и продуктовый раздел магазина,"Мясо, птица",https://online.metro-cc.ru/category/myasnye,859.0,/кг,торговый центр,зачёркнутая цена в блоке торгового центра,~1.3кг,В наличии,https://online.metro-cc.ru/products/shejka-ostankino-narezannaya,689 д /кг 859 д /кг от 1 кг,859.0,руб/кг,1.0,Источник уже указывает цену за кг/л; в корзине 1 кг/л
2026-10-05_21-24-47_048716,2026-10-05T13:09:12+03:00,,,METRO,Москва,metro_moscow_leningradskoe_71g,"Москва и область, Ленинградское ш., 71Г",319147,"Грудинка говяжья Эколь на кости охлажденная, 400г",Мясо и птица,Говядина,название и продуктовый раздел магазина,"Мясо, птица",https://online.metro-cc.ru/category/myasnye,369.01,/шт,торговый центр,цена в блоке торгового центра,400г,В наличии,https://online.metro-cc.ru/products/400g-grudinka-govyazhya-ekol-nk-ohl,369.01 д /шт от 1 шт,922.52,руб/кг,0.4,Пересчёт по указанной в названии массе/объёму
2026-10-05_21-24-47_048716,2026-10-05T13:09:12+03:00,,,METRO,Москва,metro_moscow_leningradskoe_71g,"Москва и область, Ленинградское ш., 71Г",117017,"Колбаски Мираторг для гриля охлажденные, 400г",Мясо и птица,Колбасы и сосиски,название и продуктовый раздел магазина,"Мясо, птица",https://online.metro-cc.ru/category/myasnye,249.0,/шт,торговый центр,зачёркнутая цена в блоке торгового центра,400г,Наличие не подтверждено,https://online.metro-cc.ru/products/dlya-grilya-ohlazhdennye-miratorg-400g,236.01 д /шт 249 д /шт от 1 шт,622.5,руб/кг,0.4,Пересчёт по указанной в названии массе/объёму
2026-10-05_21-24-47_048716,2026-10-05T13:09:12+03:00,,,METRO,Москва,metro_moscow_leningradskoe_71g,"Москва и область, Ленинградское ш., 71Г",257228,"Купаты Останкино мясные для жарки и гриля охлажденные, 400г",Мясо и птица,Колбасы и сосиски,название и продуктовый раздел магазина,"Мясо, птица",https://online.metro-cc.ru/category/myasnye,269.01,/шт,торговый центр,зачёркнутая цена в блоке торгового центра,400г,В наличии,https://online.metro-cc.ru/products/400g-kupaty-myasnye-ostankino-dzharki-i-grilya-ohl,189 д /шт 269.01 д /шт от 1 шт,672.52,руб/кг,0.4,Пересчёт по указанной в названии массе/объёму
2026-10-05_21-24-47_048716,2026-10-05T13:09:12+03:00,,,METRO,Москва,metro_moscow_leningradskoe_71g,"Москва и область, Ленинградское ш., 71Г",234314,"Буженина из индейки Индилайт охлажденная, 800г",Мясо и птица,Ветчина и деликатесы,название и продуктовый раздел магазина,"Мясо, птица",https://online.metro-cc.ru/category/myasnye,679.0,/шт,торговый центр,зачёркнутая цена в блоке торгового центра,800г,В наличии,https://online.metro-cc.ru/products/buzhenina-iz-indeyki-indilayt-ohlazhdennaya-800g,645 д /шт 679 д /шт от 1 шт,848.75,руб/кг,0.8,Пересчёт по указанной в названии массе/объёму
2026-10-05_21-24-47_048716,2026-10-05T13:09:12+03:00,,,METRO,Москва,metro_moscow_leningradskoe_71g,"Москва и область, Ленинградское ш., 71Г",350518,"Купаты свино-говяжьи Останкино Ассорти охлажденные, ~1.28кг",Мясо и птица,Колбасы и сосиски,название и продуктовый раздел магазина,"Мясо, птица",https://online.metro-cc.ru/category/myasnye,709.01,/кг,торговый центр,зачёркнутая цена в блоке торгового центра,~1.28кг,В наличии,https://online.metro-cc.ru/products/kupaty-svino-govyazhi-ostankino-assorti-okhlazhdennyye-1-28kg,529 д /кг 709.01 д /кг от 1 кг,709.01,руб/кг,1.0,Источник уже указывает цену за кг/л; в корзине 1 кг/л
2026-10-05_21-24-47_048716,2026-10-05T13:09:12+03:00,,,METRO,Москва,metro_moscow_leningradskoe_71g,"Москва и область, Ленинградское ш., 71Г",633594,"Колбаски куриные Петруха По-Итальянски с горчицей и паприкой охлажденные, 600г",Мясо и птица,Колбасы и сосиски,название и продуктовый раздел магазина,"Мясо, птица",https://online.metro-cc.ru/category/myasnye,299.0,/шт,торговый центр,зачёркнутая цена в блоке торгового центра,600г,Наличие не подтверждено,https://online.metro-cc.ru/products/po-italyanski-610-g,285 д /шт 299 д /шт от 1 шт,498.33,руб/кг,0.6,Пересчёт по указанной в названии массе/объёму
2026-10-05_21-24-47_048716,2026-10-05T13:09:12+03:00,,,METRO,Москва,metro_moscow_leningradskoe_71g,"Москва и область, Ленинградское ш., 71Г",201202,"Вырезка из грудинки индейки Пава Пава охлажденная, 800г",Мясо и птица,Птица,название и продуктовый раздел магазина,"Мясо, птица",https://online.metro-cc.ru/category/myasnye,669.0,/шт,торговый центр,цена в блоке торгового центра,800г,В наличии,https://online.metro-cc.ru/products/800g-vyrezka-iz-file-grudki-indeyk-pava-pava-vu-ohl,669 д /шт от 1 шт,836.25,руб/кг,0.8,Пересчёт по указанной в названии массе/объёму
2026-10-05_21-24-47_048716,2026-10-05T13:09:12+03:00,,,METRO,Москва,metro_moscow_leningradskoe_71g,"Москва и область, Ленинградское ш., 71Г",33693,"Филе грудки большое цыпленка-бройлера Петелинка охлажденное, ~870г",Мясо и птица,Птица,категория магазина,"Мясо, птица",https://online.metro-cc.ru/category/myasnye,665.01,/кг,торговый центр,цена в блоке торгового центра,~870г,В наличии,https://online.metro-cc.ru/products/file-grudki-tsyplenka-broylera-petelinka-bolshoye-okhlazhdennoye-870g,665.01 д /кг от 1 кг,665.01,руб/кг,1.0,Источник уже указывает цену за кг/л; в корзине 1 кг/л
2026-10-05_21-24-47_048716,2026-10-05T13:09:12+03:00,,,METRO,Москва,metro_moscow_leningradskoe_71g,"Москва и область, Ленинградское ш., 71Г",282731,"Котлета из индейки Индилайт Халяль натуральная охлажденная, 400г",Мясо и птица,Птица,название и продуктовый раздел магазина,"Мясо, птица",https://online.metro-cc.ru/category/myasnye,359.0,/шт,торговый центр,цена в блоке торгового центра,400г,Наличие не подтверждено,https://online.metro-cc.ru/products/kotleta-iz-indeyki-indilayt-halyal-naturalnaya-ohlazhdennaya-400g,359 д /шт от 1 шт,897.5,руб/кг,0.4,Пересчёт по указанной в названии массе/объёму
2026-10-05_21-24-47_048716,2026-10-05T13:09:12+03:00,,,METRO,Москва,metro_moscow_leningradskoe_71g,"Москва и область, Ленинградское ш., 71Г",124348,"METRO Chef Филе бедра индейки охлажденное, ~2.8кг",Мясо и птица,Птица,название и продуктовый раздел магазина,"Мясо, птица",https://online.metro-cc.ru/category/myasnye,869.0,/кг,торговый центр,цена в блоке торгового центра,~2.8кг,В наличии,https://online.metro-cc.ru/products/file-bedra-metro-chef-ohl-v-u,869 д /кг от 1 кг,869.0,руб/кг,1.0,Источник уже указывает цену за кг/л; в корзине 1 кг/л
2026-10-05_21-24-47_048716,2026-10-05T13:09:12+03:00,,,METRO,Москва,metro_moscow_leningradskoe_71g,"Москва и область, Ленинградское ш., 71Г",124349,"METRO Chef Филе грудки индейки охлажденное, ~2.7кг",Мясо и птица,Птица,название и продуктовый раздел магазина,"Мясо, птица",https://online.metro-cc.ru/category/myasnye,959.0,/кг,торговый центр,цена в блоке торгового центра,~2.7кг,В наличии,https://online.metro-cc.ru/products/file-grudki-metro-chef-ohl-v-u,959 д /кг от 1 кг,959.0,руб/кг,1.0,Источник уже указывает цену за кг/л; в корзине 1 кг/л
2026-10-05_21-24-47_048716,2026-10-05T13:09:12+03:00,,,METRO,Москва,metro_moscow_leningradskoe_71g,"Москва и область, Ленинградское ш., 71Г",305594,"Фарш Останкино Домашний свино-говяжий охлажденный, 1кг",Мясо и птица,Фарш,название и продуктовый раздел магазина,"Мясо, птица",https://online.metro-cc.ru/category/myasnye,759.0,/шт,торговый центр,зачёркнутая цена в блоке торгового центра,1кг,В наличии,https://online.metro-cc.ru/products/farsh-ostankino-domashniy-svino-govyazhiy-okhlazhdenniy-1kg,489.01 д /шт 759 д /шт от 1 шт,759.0,руб/кг,1.0,Пересчёт по указанной в названии массе/объёму
2026-10-05_21-24-47_048716,2026-10-05T13:09:12+03:00,,,METRO,Москва,metro_moscow_leningradskoe_71g,"Москва и область, Ленинградское ш., 71Г",394994,"Фарш говяжий Самсон охлажденный, ~1.8кг",Мясо и птица,Фарш,название и продуктовый раздел магазина,"Мясо, птица",https://online.metro-cc.ru/category/myasnye,1199.0,/кг,торговый центр,зачёркнутая цена в блоке торгового центра,~1.8кг,В наличии,https://online.metro-cc.ru/products/farsh-govyazhiy-samson-okhlazhdennyy-1-8kg-394994,1 139 д /кг 1 199 д /кг от 1 кг,1199.0,руб/кг,1.0,Источник уже указывает цену за кг/л; в корзине 1 кг/л
2026-10-05_21-24-47_048716,2026-10-05T13:09:12+03:00,,,METRO,Москва,metro_moscow_leningradskoe_71g,"Москва и область, Ленинградское ш., 71Г",218086,"Фарш Мираторг говяжий плотность охлажденный 80%, 2кг",Мясо и птица,Фарш,название и продуктовый раздел магазина,"Мясо, птица",https://online.metro-cc.ru/category/myasnye,1929.0,/шт,торговый центр,цена в блоке торгового центра,2кг,Наличие не подтверждено,https://online.metro-cc.ru/products/farsh-miratorg-govyazhiy-plotnost-ohlazhdennyy-80-2kg,1 929 д /шт от 1 шт,964.5,руб/кг,2.0,Пересчёт по указанной в названии массе/объёму
2026-10-05_21-24-47_048716,2026-10-05T13:09:12+03:00,,,METRO,Москва,metro_moscow_leningradskoe_71g,"Москва и область, Ленинградское ш., 71Г",34299,"Фарш Черкизово Домашний охлажденный, 400г",Мясо и птица,Фарш,название и продуктовый раздел магазина,"Мясо, птица",https://online.metro-cc.ru/category/myasnye,279.0,/шт,торговый центр,цена в блоке торгового центра,400г,В наличии,https://online.metro-cc.ru/products/domashnij-cherkizovo-ohlazhdennyj-400g,279 д /шт от 1 шт,697.5,руб/кг,0.4,Пересчёт по указанной в названии массе/объёму
2026-10-05_21-24-47_048716,2026-10-05T13:09:12+03:00,,,METRO,Москва,metro_moscow_leningradskoe_71g,"Москва и область, Ленинградское ш., 71Г",232158,"Фарш из филе грудки индейки Пава Пава охлажденный, 450г",Мясо и птица,Фарш,название и продуктовый раздел магазина,"Мясо, птица",https://online.metro-cc.ru/category/myasnye,329.0,/шт,торговый центр,зачёркнутая цена в блоке торгового центра,450г,Наличие не подтверждено,https://online.metro-cc.ru/products/farsh-iz-file-grudki-indeyki-pava-pava-ohlazhdennyy-450g,312 д /шт 329 д /шт от 1 шт,731.11,руб/кг,0.45,Пересчёт по указанной в названии массе/объёму
2026-10-05_21-24-47_048716,2026-10-05T13:09:12+03:00,,,METRO,Москва,metro_moscow_leningradskoe_71g,"Москва и область, Ленинградское ш., 71Г",121737,"Фарш Самсон домашний, 400г",Мясо и птица,Фарш,название и продуктовый раздел магазина,"Мясо, птица",https://online.metro-cc.ru/category/myasnye,339.0,/шт,торговый центр,зачёркнутая цена в блоке торгового центра,400г,В наличии,https://online.metro-cc.ru/products/400g-samson-domashnij-ohl-lotok,322 д /шт 339 д /шт от 1 шт,847.5,руб/кг,0.4,Пересчёт по указанной в названии массе/объёму
2026-10-05_21-24-47_048716,2026-10-05T13:09:12+03:00,,,METRO,Москва,metro_moscow_leningradskoe_71g,"Москва и область, Ленинградское ш., 71Г",644205,"Котлета Primebeef говяжья для гамбургера охлажденная 70/30 3шт, 390г",Мясо и птица,Говядина,название и продуктовый раздел магазина,"Мясо, птица",https://online.metro-cc.ru/category/myasnye,469.0,/шт,торговый центр,зачёркнутая цена в блоке торгового центра,3шт; 390г,В наличии,https://online.metro-cc.ru/products/kotleta-govyazhya-dlya-gamburgera-prajmbif-zarechnoe-70-30-3sht-390g,445.01 д /шт 469 д /шт от 1 шт,,,,Мультиупаковка без подтверждённой общей массы
2026-10-05_21-24-47_048716,2026-10-05T13:09:12+03:00,,,METRO,Москва,metro_moscow_leningradskoe_71g,"Москва и область, Ленинградское ш., 71Г",555424,"Бургеры Мираторг из говядины охлажденные, 200г",Мясо и птица,Говядина,название и продуктовый раздел магазина,"Мясо, птица",https://online.metro-cc.ru/category/myasnye,205.0,/шт,торговый центр,цена в блоке торгового центра,200г,В наличии,https://online.metro-cc.ru/products/burgery-iz-govyadiny-miratorg-ohlazhdennye-200-g,205 д /шт от 1 шт,1025.0,руб/кг,0.2,Пересчёт по указанной в названии массе/объёму
2026-10-05_21-24-47_048716,2026-10-05T13:09:12+03:00,,,METRO,Москва,metro_moscow_leningradskoe_71g,"Москва и область, Ленинградское ш., 71Г",130735,"Стрипсы куриные Троекурово острые охлажденные, 350г",Мясо и птица,Птица,название и продуктовый раздел магазина,"Мясо, птица",https://online.metro-cc.ru/category/myasnye,239.0,/шт,торговый центр,цена в блоке торгового центра,350г,В наличии,https://online.metro-cc.ru/products/350g-stripsy-troekurovo-ostrye-lotok-ohl,239 д /шт от 1 шт,682.86,руб/кг,0.35,Пересчёт по указанной в названии массе/объёму
2026-10-05_21-24-47_048716,2026-10-05T13:09:12+03:00,,,METRO,Москва,metro_moscow_leningradskoe_71g,"Москва и область, Ленинградское ш., 71Г",270337,"Фрикадельки Ближние горки из свинины охлажденные, 360г",Мясо и птица,Свинина,название и продуктовый раздел магазина,"Мясо, птица",https://online.metro-cc.ru/category/myasnye,179.0,/шт,торговый центр,зачёркнутая цена в блоке торгового центра,360г,Наличие не подтверждено,https://online.metro-cc.ru/products/360g-frikadelki-blizhnie-gorki-iz-svininy-ohl-lotok,149 д /шт 179 д /шт от 1 шт,497.22,руб/кг,0.36,Пересчёт по указанной в названии массе/объёму
2026-10-05_21-24-47_048716,2026-10-05T13:09:12+03:00,,,METRO,Москва,metro_moscow_leningradskoe_71g,"Москва и область, Ленинградское ш., 71Г",666504,"Фрикадельки Самсон из говядины, 300г",Мясо и птица,Говядина,название и продуктовый раздел магазина,"Мясо, птица",https://online.metro-cc.ru/category/myasnye,349.0,/шт,торговый центр,цена в блоке торгового центра,300г,В наличии,https://online.metro-cc.ru/products/frikadelki-samson-govyazhyi-gvu-300-g,349 д /шт от 1 шт,1163.33,руб/кг,0.3,Пересчёт по указанной в названии массе/объёму
2026-10-05_21-24-47_048716,2026-10-05T13:09:12+03:00,,,METRO,Москва,metro_moscow_leningradskoe_71g,"Москва и область, Ленинградское ш., 71Г",80778,"Котлеты куриные Петелинка сливочные охлажденные, 500г",Мясо и птица,Птица,название и продуктовый раздел магазина,"Мясо, птица",https://online.metro-cc.ru/category/myasnye,285.0,/шт,торговый центр,цена в блоке торгового центра,500г,Наличие не подтверждено,https://online.metro-cc.ru/products/kotlety-kurinyye-petelinka-slivochnyye-okhlazhdennyye-500g-80778,285 д /шт от 1 шт,570.0,руб/кг,0.5,Пересчёт по указанной в названии массе/объёму
2026-10-05_21-24-47_048716,2026-10-05T13:09:12+03:00,,,METRO,Москва,metro_moscow_leningradskoe_71g,"Москва и область, Ленинградское ш., 71Г",60671,"Шеи цыпленка-бройлера Троекурово, 500г",Мясо и птица,Птица,категория магазина,"Мясо, птица",https://online.metro-cc.ru/category/myasnye,109.0,/шт,торговый центр,цена в блоке торгового центра,500г,Наличие не подтверждено,https://online.metro-cc.ru/products/shei-kurinye-cb-troekurovo-500g-60671,109 д /шт от 1 шт,218.0,руб/кг,0.5,Пересчёт по указанной в названии массе/объёму
2026-10-05_21-24-47_048716,2026-10-05T13:09:12+03:00,,,METRO,Москва,metro_moscow_leningradskoe_71g,"Москва и область, Ленинградское ш., 71Г",627785,"Оболочка Craft Casing говяжья натуральная 36/38А, 3м",Мясо и птица,Говядина,название и продуктовый раздел магазина,"Мясо, птица",https://online.metro-cc.ru/category/myasnye,202.98,/шт,торговый центр,цена в блоке торгового центра,,В наличии,https://online.metro-cc.ru/products/naturalnaya-govyazhya-obolochka-36-383m,202.98 д /шт от 1 шт,,,,Нет однозначной массы/объёма упаковки
2026-10-05_21-24-47_048716,2026-10-05T13:09:12+03:00,,,METRO,Москва,metro_moscow_leningradskoe_71g,"Москва и область, Ленинградское ш., 71Г",440006,"Оболочка Craft Casing свиная натуральная 34/36А, 5м",Мясо и птица,Свинина,название и продуктовый раздел магазина,"Мясо, птица",https://online.metro-cc.ru/category/myasnye,172.39,/шт,торговый центр,цена в блоке торгового центра,,Наличие не подтверждено,https://online.metro-cc.ru/products/obolochka-craft-casing-svinaya-naturalnaya-68g-440006,172.39 д /шт от 1 шт,,,,Нет однозначной массы/объёма упаковки
2026-10-05_21-24-47_048716,2026-10-05T13:09:27+03:00,,,METRO,Москва,metro_moscow_leningradskoe_71g,"Москва и область, Ленинградское ш., 71Г",135435,"Лосось мурманский филе на коже Тримм А 5/6, 6/7 охлажденный, ~2кг",Рыба и морепродукты,Рыба,название и продуктовый раздел магазина,"Рыба, икра, морепродукты",https://online.metro-cc.ru/category/rybnye,2499.0,/кг,торговый центр,зачёркнутая цена в блоке торгового центра,~2кг,В наличии,https://online.metro-cc.ru/products/murmanskij-file-na-kozhe-trimm-a,2 149.01 д /кг 2 499 д /кг от 1 кг,2499.0,руб/кг,1.0,Источник уже указывает цену за кг/л; в корзине 1 кг/л
2026-10-05_21-24-47_048716,2026-10-05T13:09:27+03:00,,,METRO,Москва,metro_moscow_leningradskoe_71g,"Москва и область, Ленинградское ш., 71Г",378227,"Лосось стейк Мурманский охлажденный, ~500г",Рыба и морепродукты,Рыба,название и продуктовый раздел магазина,"Рыба, икра, морепродукты",https://online.metro-cc.ru/category/rybnye,2499.0,/кг,торговый центр,зачёркнутая цена в блоке торгового центра,~500г,В наличии,https://online.metro-cc.ru/products/losos-murmanskij-stejk,2 299 д /кг 2 499 д /кг от 1 кг,2499.0,руб/кг,1.0,Источник уже указывает цену за кг/л; в корзине 1 кг/л
2026-10-05_21-24-47_048716,2026-10-05T13:09:27+03:00,,,METRO,Москва,metro_moscow_leningradskoe_71g,"Москва и область, Ленинградское ш., 71Г",413567,"Лосось Мурманск Inarctica охлажденный, ~3.5кг",Рыба и морепродукты,Рыба,название и продуктовый раздел магазина,"Рыба, икра, морепродукты",https://online.metro-cc.ru/category/rybnye,1529.0,/кг,торговый центр,зачёркнутая цена в блоке торгового центра,~3.5кг,В наличии,https://online.metro-cc.ru/products/losos-murmanskij-3-4-inarctica,1 369 д /кг 1 529 д /кг от 1 кг,1529.0,руб/кг,1.0,Источник уже указывает цену за кг/л; в корзине 1 кг/л
2026-10-05_21-24-47_048716,2026-10-05T13:09:27+03:00,,,METRO,Москва,metro_moscow_leningradskoe_71g,"Москва и область, Ленинградское ш., 71Г",409763,"Лосось Мурманск Inarctica охлажденный, ~4.5кг",Рыба и морепродукты,Рыба,название и продуктовый раздел магазина,"Рыба, икра, морепродукты",https://online.metro-cc.ru/category/rybnye,1629.01,/кг,торговый центр,зачёркнутая цена в блоке торгового центра,~4.5кг,В наличии,https://online.metro-cc.ru/products/losos-murmanskij-4-5kg-inarctica,1 499 д /кг 1 629.01 д /кг от 1 кг,1629.01,руб/кг,1.0,Источник уже указывает цену за кг/л; в корзине 1 кг/л
2026-10-05_21-24-47_048716,2026-10-05T13:09:27+03:00,,,METRO,Москва,metro_moscow_leningradskoe_71g,"Москва и область, Ленинградское ш., 71Г",221825,"Форель горная стейки охлажденная, ~200г",Рыба и морепродукты,Рыба,название и продуктовый раздел магазина,"Рыба, икра, морепродукты",https://online.metro-cc.ru/category/rybnye,1959.0,/кг,торговый центр,зачёркнутая цена в блоке торгового центра,~200г,В наличии,https://online.metro-cc.ru/products/200g-forel-gornaya-steyki-ohl,1 499 д /кг 1 959 д /кг от 1 кг,1959.0,руб/кг,1.0,Источник уже указывает цену за кг/л; в корзине 1 кг/л
2026-10-05_21-24-47_048716,2026-10-05T13:09:27+03:00,,,METRO,Москва,metro_moscow_leningradskoe_71g,"Москва и область, Ленинградское ш., 71Г",113825,"METRO Chef Треска филе без кожи порционное замороженное, 480г",Рыба и морепродукты,Рыба,название и продуктовый раздел магазина,"Рыба, икра, морепродукты",https://online.metro-cc.ru/category/rybnye,799.0,/шт,торговый центр,цена в блоке торгового центра,480г,В наличии,https://online.metro-cc.ru/products/480g-file-treski-metro-chef-bez-kozhi,799 д /шт от 1 шт,1664.58,руб/кг,0.48,Пересчёт по указанной в названии массе/объёму
2026-10-05_21-24-47_048716,2026-10-05T13:09:27+03:00,,,METRO,Москва,metro_moscow_leningradskoe_71g,"Москва и область, Ленинградское ш., 71Г",117187,"METRO Chef Стейк из семги свежемороженый, 400г",Рыба и морепродукты,Рыба,название и продуктовый раздел магазина,"Рыба, икра, морепродукты",https://online.metro-cc.ru/category/rybnye,1369.0,/шт,торговый центр,цена в блоке торгового центра,400г,В наличии,https://online.metro-cc.ru/products/metro-chef-steyk-iz-semgi-svezhemorozheniy-400g,1 369 д /шт от 1 шт,3422.5,руб/кг,0.4,Пересчёт по указанной в названии массе/объёму
2026-10-05_21-24-47_048716,2026-10-05T13:09:27+03:00,,,METRO,Москва,metro_moscow_leningradskoe_71g,"Москва и область, Ленинградское ш., 71Г",116083,"Минтай филе Borealis без кости замороженный, 650г",Рыба и морепродукты,Рыба,название и продуктовый раздел магазина,"Рыба, икра, морепродукты",https://online.metro-cc.ru/category/rybnye,779.0,/шт,торговый центр,зачёркнутая цена в блоке торгового центра,650г,В наличии,https://online.metro-cc.ru/products/650g-mintaj-file-borealis-b-k,629 д /шт 779 д /шт от 1 шт,1198.46,руб/кг,0.65,Пересчёт по указанной в названии массе/объёму
2026-10-05_21-24-47_048716,2026-10-05T13:09:27+03:00,,,METRO,Москва,metro_moscow_leningradskoe_71g,"Москва и область, Ленинградское ш., 71Г",216640,"Минтай Borealis тихоокеанский филе свежемороженый, 750г",Рыба и морепродукты,Рыба,название и продуктовый раздел магазина,"Рыба, икра, морепродукты",https://online.metro-cc.ru/category/rybnye,719.0,/шт,торговый центр,цена в блоке торгового центра,750г,В наличии,https://online.metro-cc.ru/products/mintay-borealis-tihookeanskiy-file-svezhemorozhennyy-750g,719 д /шт от 1 шт,958.67,руб/кг,0.75,Пересчёт по указанной в названии массе/объёму
2026-10-05_21-24-47_048716,2026-10-05T13:09:27+03:00,,,METRO,Москва,metro_moscow_leningradskoe_71g,"Москва и область, Ленинградское ш., 71Г",259305,"METRO Chef Треска филе без кожи замороженная, 1кг",Рыба и морепродукты,Рыба,название и продуктовый раздел магазина,"Рыба, икра, морепродукты",https://online.metro-cc.ru/category/rybnye,1389.0,/шт,торговый центр,цена в блоке торгового центра,1кг,В наличии,https://online.metro-cc.ru/products/1kg-treska-file-metro-chef-bez-kozhi-zamorozh,1 389 д /шт от 1 шт,1389.0,руб/кг,1.0,Пересчёт по указанной в названии массе/объёму
2026-10-05_21-24-47_048716,2026-10-05T13:09:27+03:00,,,METRO,Москва,metro_moscow_leningradskoe_71g,"Москва и область, Ленинградское ш., 71Г",278941,"Форель Vici радужная слабосоленая филе-кусок, 150г",Рыба и морепродукты,Рыба,название и продуктовый раздел магазина,"Рыба, икра, морепродукты",https://online.metro-cc.ru/category/rybnye,419.0,/шт,торговый центр,цена в блоке торгового центра,150г,Наличие не подтверждено,https://online.metro-cc.ru/products/150g-forel-vici-raduzhnaya-ss-file-kusok,419 д /шт от 1 шт,2793.33,руб/кг,0.15,Пересчёт по указанной в названии массе/объёму
2026-10-05_21-24-47_048716,2026-10-05T13:09:27+03:00,,,METRO,Москва,metro_moscow_leningradskoe_71g,"Москва и область, Ленинградское ш., 71Г",61674,"Тунец Дивный берег филе-кусок холодного копчения, 150г",Рыба и морепродукты,Рыба,название и продуктовый раздел магазина,"Рыба, икра, морепродукты",https://online.metro-cc.ru/category/rybnye,429.0,/шт,торговый центр,зачёркнутая цена в блоке торгового центра,150г,Наличие не подтверждено,https://online.metro-cc.ru/products/tunec-file-kusok-h-k-divnyj-bereg-150g,349 д /шт 429 д /шт от 1 шт,2860.0,руб/кг,0.15,Пересчёт по указанной в названии массе/объёму
2026-10-05_21-24-47_048716,2026-10-05T13:09:27+03:00,,,METRO,Москва,metro_moscow_leningradskoe_71g,"Москва и область, Ленинградское ш., 71Г",94206,"Форель Русское море филе слабосоленая нарезка, 120г",Рыба и морепродукты,Рыба,название и продуктовый раздел магазина,"Рыба, икра, морепродукты",https://online.metro-cc.ru/category/rybnye,499.0,/шт,торговый центр,цена в блоке торгового центра,120г,В наличии,https://online.metro-cc.ru/products/forel-file-lomtiki-ss-russkoe-more-120-g,499 д /шт от 1 шт,4158.33,руб/кг,0.12,Пересчёт по указанной в названии массе/объёму
2026-10-05_21-24-47_048716,2026-10-05T13:09:27+03:00,,,METRO,Москва,metro_moscow_leningradskoe_71g,"Москва и область, Ленинградское ш., 71Г",130751,"Форель Русское море подкопченная филе кусок, 200г",Рыба и морепродукты,Рыба,название и продуктовый раздел магазина,"Рыба, икра, морепродукты",https://online.metro-cc.ru/category/rybnye,669.0,/шт,торговый центр,цена в блоке торгового центра,200г,В наличии,https://online.metro-cc.ru/products/200g-forel-russkoe-more-kusok-p-k,669 д /шт от 1 шт,3345.0,руб/кг,0.2,Пересчёт по указанной в названии массе/объёму
2026-10-05_21-24-47_048716,2026-10-05T13:09:27+03:00,,,METRO,Москва,metro_moscow_leningradskoe_71g,"Москва и область, Ленинградское ш., 71Г",135383,"Семга Русское море филе-кусок слабосоленая, 200г",Рыба и морепродукты,Рыба,название и продуктовый раздел магазина,"Рыба, икра, морепродукты",https://online.metro-cc.ru/category/rybnye,849.0,/шт,торговый центр,цена в блоке торгового центра,200г,В наличии,https://online.metro-cc.ru/products/semga-russkoe-more-file-kusok-s-s-200g,849 д /шт от 1 шт,4245.0,руб/кг,0.2,Пересчёт по указанной в названии массе/объёму
2026-10-05_21-24-47_048716,2026-10-05T13:09:27+03:00,,,METRO,Москва,metro_moscow_leningradskoe_71g,"Москва и область, Ленинградское ш., 71Г",84305,"Креветки Биоморе очищенные маринад сливочно-грибной без головы охлажденные, 500г",Рыба и морепродукты,Морепродукты,название и продуктовый раздел магазина,"Рыба, икра, морепродукты",https://online.metro-cc.ru/category/rybnye,1159.0,/шт,торговый центр,цена в блоке торгового центра,500г,В наличии,https://online.metro-cc.ru/products/500g-krevetki-biomore-bg-ochisch-marinad-slivochno-gribnoy-ohl,1 159 д /шт от 1 шт,2318.0,руб/кг,0.5,Пересчёт по указанной в названии массе/объёму
2026-10-05_21-24-47_048716,2026-10-05T13:09:27+03:00,,,METRO,Москва,metro_moscow_leningradskoe_71g,"Москва и область, Ленинградское ш., 71Г",253524,"Креветки Биоморе очищенные без головы в сливочном маринаде с травами охлажденные, 500г 500г",Рыба и морепродукты,Морепродукты,название и продуктовый раздел магазина,"Рыба, икра, морепродукты",https://online.metro-cc.ru/category/rybnye,959.0,/шт,торговый центр,цена в блоке торгового центра,500г; 500г,В наличии,https://online.metro-cc.ru/products/500g-krevetki-bg-ochisch-marinad-slivochnyy-s-travami-ohl,959 д /шт от 1 шт,,,,Нет однозначной массы/объёма упаковки
2026-10-05_21-24-47_048716,2026-10-05T13:09:27+03:00,,,METRO,Москва,metro_moscow_leningradskoe_71g,"Москва и область, Ленинградское ш., 71Г",548372,Устрицы Касабланка №2,Рыба и морепродукты,Прочие рыбные продукты,категория магазина,"Рыба, икра, морепродукты",https://online.metro-cc.ru/category/rybnye,279.0,/шт,торговый центр,цена в блоке торгового центра,,В наличии,https://online.metro-cc.ru/products/ustritsy-kasablanka-2-100g,279 д /шт от 1 шт,,,,Нет однозначной массы/объёма упаковки
2026-10-05_21-24-47_048716,2026-10-05T13:09:27+03:00,,,METRO,Москва,metro_moscow_leningradskoe_71g,"Москва и область, Ленинградское ш., 71Г",84182,Устрицы Джоли,Рыба и морепродукты,Прочие рыбные продукты,категория магазина,"Рыба, икра, морепродукты",https://online.metro-cc.ru/category/rybnye,279.0,/шт,торговый центр,цена в блоке торгового центра,,Наличие не подтверждено,https://online.metro-cc.ru/products/rozovaya-dzholi,279 д /шт от 1 шт,,,,Нет однозначной массы/объёма упаковки
2026-10-05_21-24-47_048716,2026-10-05T13:09:27+03:00,,,METRO,Москва,metro_moscow_leningradskoe_71g,"Москва и область, Ленинградское ш., 71Г",82735,Устрица Лунная Жемчужина №3,Рыба и морепродукты,Прочие рыбные продукты,категория магазина,"Рыба, икра, морепродукты",https://online.metro-cc.ru/category/rybnye,359.0,/шт,торговый центр,цена в блоке торгового центра,,Наличие не подтверждено,https://online.metro-cc.ru/products/ustritsy-lunnaya-zhemchuzhina-la-luna-3,359 д /шт от 1 шт,,,,Нет однозначной массы/объёма упаковки
2026-10-05_21-24-47_048716,2026-10-05T13:09:27+03:00,,,METRO,Москва,metro_moscow_leningradskoe_71g,"Москва и область, Ленинградское ш., 71Г",94196,"Креветки Биоморе очищенные маринад сладкий чили без головы охлажденные, 500г",Рыба и морепродукты,Морепродукты,название и продуктовый раздел магазина,"Рыба, икра, морепродукты",https://online.metro-cc.ru/category/rybnye,1159.0,/шт,торговый центр,цена в блоке торгового центра,500г,Наличие не подтверждено,https://online.metro-cc.ru/products/krevetki-biomore-ochischennye-marinad-sladkiy-chili-bez-golovy-ohlazhdennye-500g,1 159 д /шт от 1 шт,2318.0,руб/кг,0.5,Пересчёт по указанной в названии массе/объёму
2026-10-05_21-24-47_048716,2026-10-05T13:09:27+03:00,,,METRO,Москва,metro_moscow_leningradskoe_71g,"Москва и область, Ленинградское ш., 71Г",244716,"Икра минтая Русское море Дальневосточная пробойная соленая, 130г",Рыба и морепродукты,Икра,название и продуктовый раздел магазина,"Рыба, икра, морепродукты",https://online.metro-cc.ru/category/rybnye,159.01,/шт,торговый центр,цена в блоке торгового центра,130г,В наличии,https://online.metro-cc.ru/products/ikra-mintaya-russkoye-more-dalnevostochnaya-proboynaya-solenaya-130g,159.01 д /шт от 1 шт,1223.15,руб/кг,0.13,Пересчёт по указанной в названии массе/объёму
2026-10-05_21-24-47_048716,2026-10-05T13:09:27+03:00,,,METRO,Москва,metro_moscow_leningradskoe_71g,"Москва и область, Ленинградское ш., 71Г",222906,"Икра лососевая Русское море Стольная имитированная, 480г",Рыба и морепродукты,Икра,название и продуктовый раздел магазина,"Рыба, икра, морепродукты",https://online.metro-cc.ru/category/rybnye,209.0,/шт,торговый центр,цена в блоке торгового центра,480г,Наличие не подтверждено,https://online.metro-cc.ru/products/480g-ikra-lososevaya-russkoe-more-imitirovan-stolnaya,209 д /шт от 1 шт,435.42,руб/кг,0.48,Пересчёт по указанной в названии массе/объёму
2026-10-05_21-24-47_048716,2026-10-05T13:09:27+03:00,,,METRO,Москва,metro_moscow_leningradskoe_71g,"Москва и область, Ленинградское ш., 71Г",117352,"Икра деликатесная Санта Бремор с креветкой, 180г",Рыба и морепродукты,Икра,название и продуктовый раздел магазина,"Рыба, икра, морепродукты",https://online.metro-cc.ru/category/rybnye,169.0,/шт,торговый центр,зачёркнутая цена в блоке торгового центра,180г,В наличии,https://online.metro-cc.ru/products/s-krevetkoj-santa-bremor-180g,149.01 д /шт 169 д /шт от 1 шт,938.89,руб/кг,0.18,Пересчёт по указанной в названии массе/объёму
2026-10-05_21-24-47_048716,2026-10-05T13:09:27+03:00,,,METRO,Москва,metro_moscow_leningradskoe_71g,"Москва и область, Ленинградское ш., 71Г",639525,"Икра черная Европром Царская имитированная, 220г",Рыба и морепродукты,Икра,название и продуктовый раздел магазина,"Рыба, икра, морепродукты",https://online.metro-cc.ru/category/rybnye,109.0,/шт,торговый центр,цена в блоке торгового центра,220г,В наличии,https://online.metro-cc.ru/products/evroprom-osobaya-osetr-imitaciya-220g,109 д /шт от 1 шт,495.45,руб/кг,0.22,Пересчёт по указанной в названии массе/объёму
2026-10-05_21-24-47_048716,2026-10-05T13:09:27+03:00,,,METRO,Москва,metro_moscow_leningradskoe_71g,"Москва и область, Ленинградское ш., 71Г",639527,"Икра красная Европром Царская имитированная, 220г",Рыба и морепродукты,Икра,название и продуктовый раздел магазина,"Рыба, икра, морепродукты",https://online.metro-cc.ru/category/rybnye,109.0,/шт,торговый центр,цена в блоке торгового центра,220г,В наличии,https://online.metro-cc.ru/products/osobaya-evroprom-losos-imitaciya-220g,109 д /шт от 1 шт,495.45,руб/кг,0.22,Пересчёт по указанной в названии массе/объёму
2026-10-05_21-24-47_048716,2026-10-05T13:09:27+03:00,,,METRO,Москва,metro_moscow_leningradskoe_71g,"Москва и область, Ленинградское ш., 71Г",205897,"Икра мойвы Русское море, 100г",Рыба и морепродукты,Икра,название и продуктовый раздел магазина,"Рыба, икра, морепродукты",https://online.metro-cc.ru/category/rybnye,169.0,/шт,торговый центр,зачёркнутая цена в блоке торгового центра,100г,В наличии,https://online.metro-cc.ru/products/100g-ikra-moyvy-russkoe-more,129 д /шт 169 д /шт от 1 шт,1690.0,руб/кг,0.1,Пересчёт по указанной в названии массе/объёму
2026-10-05_21-24-47_048716,2026-10-05T13:09:27+03:00,,,METRO,Москва,metro_moscow_leningradskoe_71g,"Москва и область, Ленинградское ш., 71Г",118853,"METRO Chef Мясо мидий 300\500 варено-мороженое, 500г",Рыба и морепродукты,Морепродукты,название и продуктовый раздел магазина,"Рыба, икра, морепродукты",https://online.metro-cc.ru/category/rybnye,469.0,/шт,торговый центр,зачёркнутая цена в блоке торгового центра,500г,В наличии,https://online.metro-cc.ru/products/500g-myaso-midij-metro-chef-v-m-300-500,349 д /шт 469 д /шт от 1 шт,938.0,руб/кг,0.5,Пересчёт по указанной в названии массе/объёму
2026-10-05_21-24-47_048716,2026-10-05T13:09:27+03:00,,,METRO,Москва,metro_moscow_leningradskoe_71g,"Москва и область, Ленинградское ш., 71Г",118843,"METRO Chef Мидии в створках в собственном соку замороженные, 450г",Рыба и морепродукты,Морепродукты,название и продуктовый раздел магазина,"Рыба, икра, морепродукты",https://online.metro-cc.ru/category/rybnye,389.0,/шт,торговый центр,цена в блоке торгового центра,450г,В наличии,https://online.metro-cc.ru/products/450g-midii-metro-chef-v-st-v-sob-soku,389 д /шт от 1 шт,864.44,руб/кг,0.45,Пересчёт по указанной в названии массе/объёму
2026-10-05_21-24-47_048716,2026-10-05T13:09:27+03:00,,,METRO,Москва,metro_moscow_leningradskoe_71g,"Москва и область, Ленинградское ш., 71Г",118245,"METRO Chef Креветки белоногие 26/30 очищенные с хвостом варено-мороженые, 850г 850г",Рыба и морепродукты,Морепродукты,название и продуктовый раздел магазина,"Рыба, икра, морепродукты",https://online.metro-cc.ru/category/rybnye,1799.01,/шт,торговый центр,цена в блоке торгового центра,850г; 850г,В наличии,https://online.metro-cc.ru/products/metro-chef-krevetki-belonogiye-26-30-ochischennyye-s-khvostom-svezhemorozhennyye-850g,1 799.01 д /шт от 1 шт,,,,Нет однозначной массы/объёма упаковки
2026-10-05_21-24-47_048716,2026-10-05T13:09:41+03:00,,,METRO,Москва,metro_moscow_leningradskoe_71g,"Москва и область, Ленинградское ш., 71Г",481695,Картофель мытый,Овощи и фрукты,Овощи,название и продуктовый раздел магазина,"Овощи, фрукты, ягоды, зелень, грибы",https://online.metro-cc.ru/category/ovoshchi-i-frukty,69.91,/кг,торговый центр,цена в блоке торгового центра,,В наличии,https://online.metro-cc.ru/products/kartofel-mytiy-481695,69.91 д /кг от 1 кг,69.91,руб/кг,1.0,Источник уже указывает цену за кг/л; в корзине 1 кг/л
2026-10-05_21-24-47_048716,2026-10-05T13:09:41+03:00,,,METRO,Москва,metro_moscow_leningradskoe_71g,"Москва и область, Ленинградское ш., 71Г",481701,Морковь мытая,Овощи и фрукты,Овощи,название и продуктовый раздел магазина,"Овощи, фрукты, ягоды, зелень, грибы",https://online.metro-cc.ru/category/ovoshchi-i-frukty,59.9,/кг,торговый центр,цена в блоке торгового центра,,В наличии,https://online.metro-cc.ru/products/morkov-mytaya-vesovaya-1-kg-481701,59.90 д /кг от 1 кг,59.9,руб/кг,1.0,Источник уже указывает цену за кг/л; в корзине 1 кг/л
2026-10-05_21-24-47_048716,2026-10-05T13:09:41+03:00,,,METRO,Москва,metro_moscow_leningradskoe_71g,"Москва и область, Ленинградское ш., 71Г",470351,Лук порей,Овощи и фрукты,Овощи,название и продуктовый раздел магазина,"Овощи, фрукты, ягоды, зелень, грибы",https://online.metro-cc.ru/category/ovoshchi-i-frukty,329.0,/кг,торговый центр,цена в блоке торгового центра,,В наличии,https://online.metro-cc.ru/products/luk-porej-kg,329 д /кг от 1 кг,329.0,руб/кг,1.0,Источник уже указывает цену за кг/л; в корзине 1 кг/л
2026-10-05_21-24-47_048716,2026-10-05T13:09:41+03:00,,,METRO,Москва,metro_moscow_leningradskoe_71g,"Москва и область, Ленинградское ш., 71Г",632180,Имбирь весовой,Овощи и фрукты,Овощи,категория магазина,"Овощи, фрукты, ягоды, зелень, грибы",https://online.metro-cc.ru/category/ovoshchi-i-frukty,499.0,/кг,торговый центр,цена в блоке торгового центра,,Наличие не подтверждено,https://online.metro-cc.ru/products/imbir-632180,499 д /кг от 1 кг,499.0,руб/кг,1.0,Источник уже указывает цену за кг/л; в корзине 1 кг/л
2026-10-05_21-24-47_048716,2026-10-05T13:09:41+03:00,,,METRO,Москва,metro_moscow_leningradskoe_71g,"Москва и область, Ленинградское ш., 71Г",44250,"METRO Chef Картофель белый мытый, 2кг",Овощи и фрукты,Овощи,название и продуктовый раздел магазина,"Овощи, фрукты, ягоды, зелень, грибы",https://online.metro-cc.ru/category/ovoshchi-i-frukty,159.01,/шт,торговый центр,цена в блоке торгового центра,2кг,В наличии,https://online.metro-cc.ru/products/2kg-kartofel-metro-chef-belyy-mytyy,159.01 д /шт от 1 шт,79.5,руб/кг,2.0,Пересчёт по указанной в названии массе/объёму
2026-10-05_21-24-47_048716,2026-10-05T13:09:41+03:00,,,METRO,Москва,metro_moscow_leningradskoe_71g,"Москва и область, Ленинградское ш., 71Г",313055,Сельдерей стебли,Овощи и фрукты,Овощи,категория магазина,"Овощи, фрукты, ягоды, зелень, грибы",https://online.metro-cc.ru/category/ovoshchi-i-frukty,149.01,/кг,торговый центр,зачёркнутая цена в блоке торгового центра,,Наличие не подтверждено,https://online.metro-cc.ru/products/selderej-stebel-313055-313055,109 д /кг 149.01 д /кг от 1 кг,149.01,руб/кг,1.0,Источник уже указывает цену за кг/л; в корзине 1 кг/л
2026-10-05_21-24-47_048716,2026-10-05T13:09:41+03:00,,,METRO,Москва,metro_moscow_leningradskoe_71g,"Москва и область, Ленинградское ш., 71Г",470346,Лаймы весовые,Овощи и фрукты,Овощи,категория магазина,"Овощи, фрукты, ягоды, зелень, грибы",https://online.metro-cc.ru/category/ovoshchi-i-frukty,419.0,/кг,торговый центр,зачёркнутая цена в блоке торгового центра,,В наличии,https://online.metro-cc.ru/products/laym-vesovoy-470346,359 д /кг 419 д /кг от 1 кг,419.0,руб/кг,1.0,Источник уже указывает цену за кг/л; в корзине 1 кг/л
2026-10-05_21-24-47_048716,2026-10-05T13:09:41+03:00,,,METRO,Москва,metro_moscow_leningradskoe_71g,"Москва и область, Ленинградское ш., 71Г",470370,Яблоки Роял Гала,Овощи и фрукты,Фрукты,название и продуктовый раздел магазина,"Овощи, фрукты, ягоды, зелень, грибы",https://online.metro-cc.ru/category/ovoshchi-i-frukty,139.0,/кг,торговый центр,цена в блоке торгового центра,,В наличии,https://online.metro-cc.ru/products/yabloki-gala-470370,139 д /кг от 1 кг,139.0,руб/кг,1.0,Источник уже указывает цену за кг/л; в корзине 1 кг/л
2026-10-05_21-24-47_048716,2026-10-05T13:09:41+03:00,,,METRO,Москва,metro_moscow_leningradskoe_71g,"Москва и область, Ленинградское ш., 71Г",470372,Яблоки Голден,Овощи и фрукты,Фрукты,название и продуктовый раздел магазина,"Овощи, фрукты, ягоды, зелень, грибы",https://online.metro-cc.ru/category/ovoshchi-i-frukty,139.0,/кг,торговый центр,цена в блоке торгового центра,,В наличии,https://online.metro-cc.ru/products/yabloki-golden-470372,139 д /кг от 1 кг,139.0,руб/кг,1.0,Источник уже указывает цену за кг/л; в корзине 1 кг/л
2026-10-05_21-24-47_048716,2026-10-05T13:09:41+03:00,,,METRO,Москва,metro_moscow_leningradskoe_71g,"Москва и область, Ленинградское ш., 71Г",470307,Киви весовое,Овощи и фрукты,Фрукты,название и продуктовый раздел магазина,"Овощи, фрукты, ягоды, зелень, грибы",https://online.metro-cc.ru/category/ovoshchi-i-frukty,269.01,/кг,торговый центр,цена в блоке торгового центра,,В наличии,https://online.metro-cc.ru/products/kivi-470307,269.01 д /кг от 1 кг,269.01,руб/кг,1.0,Источник уже указывает цену за кг/л; в корзине 1 кг/л
2026-10-05_21-24-47_048716,2026-10-05T13:09:41+03:00,,,METRO,Москва,metro_moscow_leningradskoe_71g,"Москва и область, Ленинградское ш., 71Г",231682,"Авокадо Хасс Артфрут спелое 2шт, 340г",Овощи и фрукты,Овощи,категория магазина,"Овощи, фрукты, ягоды, зелень, грибы",https://online.metro-cc.ru/category/ovoshchi-i-frukty,319.0,/шт,торговый центр,цена в блоке торгового центра,2шт; 340г,Наличие не подтверждено,https://online.metro-cc.ru/products/avokado-hass-speloe-artfruit-2-sht,319 д /шт от 1 шт,,,,Мультиупаковка без подтверждённой общей массы
2026-10-05_21-24-47_048716,2026-10-05T13:09:41+03:00,,,METRO,Москва,metro_moscow_leningradskoe_71g,"Москва и область, Ленинградское ш., 71Г",644574,Манго спелое,Овощи и фрукты,Фрукты,название и продуктовый раздел магазина,"Овощи, фрукты, ягоды, зелень, грибы",https://online.metro-cc.ru/category/ovoshchi-i-frukty,469.0,/кг,торговый центр,цена в блоке торгового центра,,В наличии,https://online.metro-cc.ru/products/mango-speloe-644574,469 д /кг от 1 кг,469.0,руб/кг,1.0,Источник уже указывает цену за кг/л; в корзине 1 кг/л
2026-10-05_21-24-47_048716,2026-10-05T13:09:41+03:00,,,METRO,Москва,metro_moscow_leningradskoe_71g,"Москва и область, Ленинградское ш., 71Г",236412,"Голубика Артфрут, 500г",Овощи и фрукты,Ягоды,название и продуктовый раздел магазина,"Овощи, фрукты, ягоды, зелень, грибы",https://online.metro-cc.ru/category/ovoshchi-i-frukty,1099.0,/шт,торговый центр,цена в блоке торгового центра,500г,Наличие не подтверждено,https://online.metro-cc.ru/products/500g-golubika-artfruit,1 099 д /шт от 1 шт,2198.0,руб/кг,0.5,Пересчёт по указанной в названии массе/объёму
2026-10-05_21-24-47_048716,2026-10-05T13:09:41+03:00,,,METRO,Москва,metro_moscow_leningradskoe_71g,"Москва и область, Ленинградское ш., 71Г",422491,"Голубика, 250г",Овощи и фрукты,Ягоды,название и продуктовый раздел магазина,"Овощи, фрукты, ягоды, зелень, грибы",https://online.metro-cc.ru/category/ovoshchi-i-frukty,479.0,/шт,торговый центр,цена в блоке торгового центра,250г,Наличие не подтверждено,https://online.metro-cc.ru/products/250g-golubika,479 д /шт от 1 шт,1916.0,руб/кг,0.25,Пересчёт по указанной в названии массе/объёму
2026-10-05_21-24-47_048716,2026-10-05T13:09:41+03:00,,,METRO,Москва,metro_moscow_leningradskoe_71g,"Москва и область, Ленинградское ш., 71Г",231738,"Малина Артфрут, 250г",Овощи и фрукты,Ягоды,название и продуктовый раздел магазина,"Овощи, фрукты, ягоды, зелень, грибы",https://online.metro-cc.ru/category/ovoshchi-i-frukty,929.01,/шт,торговый центр,цена в блоке торгового центра,250г,В наличии,https://online.metro-cc.ru/products/malina-artfruit-250g,929.01 д /шт от 1 шт,3716.04,руб/кг,0.25,Пересчёт по указанной в названии массе/объёму
2026-10-05_21-24-47_048716,2026-10-05T13:09:41+03:00,,,METRO,Москва,metro_moscow_leningradskoe_71g,"Москва и область, Ленинградское ш., 71Г",211369,"Голубика свежая Артфрут Гигант, 300г",Овощи и фрукты,Ягоды,название и продуктовый раздел магазина,"Овощи, фрукты, ягоды, зелень, грибы",https://online.metro-cc.ru/category/ovoshchi-i-frukty,779.0,/шт,торговый центр,цена в блоке торгового центра,300г,Наличие не подтверждено,https://online.metro-cc.ru/products/golubika-svezhaya-artfrut-gigant-300g,779 д /шт от 1 шт,2596.67,руб/кг,0.3,Пересчёт по указанной в названии массе/объёму
2026-10-05_21-24-47_048716,2026-10-05T13:09:41+03:00,,,METRO,Москва,metro_moscow_leningradskoe_71g,"Москва и область, Ленинградское ш., 71Г",144849,"Голубика, 125г",Овощи и фрукты,Ягоды,название и продуктовый раздел магазина,"Овощи, фрукты, ягоды, зелень, грибы",https://online.metro-cc.ru/category/ovoshchi-i-frukty,239.0,/шт,торговый центр,цена в блоке торгового центра,125г,Наличие не подтверждено,https://online.metro-cc.ru/products/golubika-125g-144849-144849,239 д /шт от 1 шт,1912.0,руб/кг,0.125,Пересчёт по указанной в названии массе/объёму
2026-10-05_21-24-47_048716,2026-10-05T13:09:41+03:00,,,METRO,Москва,metro_moscow_leningradskoe_71g,"Москва и область, Ленинградское ш., 71Г",370633,"Клубника, 250г",Овощи и фрукты,Ягоды,название и продуктовый раздел магазина,"Овощи, фрукты, ягоды, зелень, грибы",https://online.metro-cc.ru/category/ovoshchi-i-frukty,459.0,/шт,торговый центр,цена в блоке торгового центра,250г,Наличие не подтверждено,https://online.metro-cc.ru/products/klubnika-250g-370633,459 д /шт от 1 шт,1836.0,руб/кг,0.25,Пересчёт по указанной в названии массе/объёму
2026-10-05_21-24-47_048716,2026-10-05T13:09:41+03:00,,,METRO,Москва,metro_moscow_leningradskoe_71g,"Москва и область, Ленинградское ш., 71Г",120591,"METRO Chef Грибы шампиньоны Гриль, 500г",Овощи и фрукты,Грибы,название и продуктовый раздел магазина,"Овощи, фрукты, ягоды, зелень, грибы",https://online.metro-cc.ru/category/ovoshchi-i-frukty,189.0,/шт,торговый центр,цена в блоке торгового центра,500г,Наличие не подтверждено,https://online.metro-cc.ru/products/shampinony-metro-chef-gril-500g,189 д /шт от 1 шт,378.0,руб/кг,0.5,Пересчёт по указанной в названии массе/объёму
2026-10-05_21-24-47_048716,2026-10-05T13:09:41+03:00,,,METRO,Москва,metro_moscow_leningradskoe_71g,"Москва и область, Ленинградское ш., 71Г",120592,"METRO Chef Грибы шампиньоны Королевские, 500г",Овощи и фрукты,Грибы,название и продуктовый раздел магазина,"Овощи, фрукты, ягоды, зелень, грибы",https://online.metro-cc.ru/category/ovoshchi-i-frukty,199.0,/шт,торговый центр,цена в блоке торгового центра,500г,Наличие не подтверждено,https://online.metro-cc.ru/products/shampinony-metro-chef-korolevskie-500g,199 д /шт от 1 шт,398.0,руб/кг,0.5,Пересчёт по указанной в названии массе/объёму
2026-10-05_21-24-47_048716,2026-10-05T13:09:41+03:00,,,METRO,Москва,metro_moscow_leningradskoe_71g,"Москва и область, Ленинградское ш., 71Г",120594,"METRO Chef Грибы шампиньоны мини, 250г",Овощи и фрукты,Грибы,название и продуктовый раздел магазина,"Овощи, фрукты, ягоды, зелень, грибы",https://online.metro-cc.ru/category/ovoshchi-i-frukty,99.9,/шт,торговый центр,цена в блоке торгового центра,250г,Наличие не подтверждено,https://online.metro-cc.ru/products/shampinony-metro-chef-mini-250g,99.90 д /шт от 1 шт,399.6,руб/кг,0.25,Пересчёт по указанной в названии массе/объёму
2026-10-05_21-24-47_048716,2026-10-05T13:09:41+03:00,,,METRO,Москва,metro_moscow_leningradskoe_71g,"Москва и область, Ленинградское ш., 71Г",62097,"Грибы эноки Артфрут, 100г",Овощи и фрукты,Грибы,название и продуктовый раздел магазина,"Овощи, фрукты, ягоды, зелень, грибы",https://online.metro-cc.ru/category/ovoshchi-i-frukty,99.9,/шт,торговый центр,цена в блоке торгового центра,100г,Наличие не подтверждено,https://online.metro-cc.ru/products/griby-enoki-artfrut-100g,99.90 д /шт от 1 шт,999.0,руб/кг,0.1,Пересчёт по указанной в названии массе/объёму
2026-10-05_21-24-47_048716,2026-10-05T13:09:41+03:00,,,METRO,Москва,metro_moscow_leningradskoe_71g,"Москва и область, Ленинградское ш., 71Г",286202,"Грибы эноки Есть грибы, 100г",Овощи и фрукты,Грибы,название и продуктовый раздел магазина,"Овощи, фрукты, ягоды, зелень, грибы",https://online.metro-cc.ru/category/ovoshchi-i-frukty,99.9,/шт,торговый центр,цена в блоке торгового центра,100г,Наличие не подтверждено,https://online.metro-cc.ru/products/100g-griby-enoki,99.90 д /шт от 1 шт,999.0,руб/кг,0.1,Пересчёт по указанной в названии массе/объёму
2026-10-05_21-24-47_048716,2026-10-05T13:09:41+03:00,,,METRO,Москва,metro_moscow_leningradskoe_71g,"Москва и область, Ленинградское ш., 71Г",6210,"Грибы шампиньоны Гриль, 700г",Овощи и фрукты,Грибы,название и продуктовый раздел магазина,"Овощи, фрукты, ягоды, зелень, грибы",https://online.metro-cc.ru/category/ovoshchi-i-frukty,249.0,/шт,торговый центр,цена в блоке торгового центра,700г,Наличие не подтверждено,https://online.metro-cc.ru/products/griby-shampinyony-gril-700g,249 д /шт от 1 шт,355.71,руб/кг,0.7,Пересчёт по указанной в названии массе/объёму
2026-10-05_21-24-47_048716,2026-10-05T13:09:41+03:00,,,METRO,Москва,metro_moscow_leningradskoe_71g,"Москва и область, Ленинградское ш., 71Г",96656,"METRO Chef Салат Шпинат мини, 125г",Овощи и фрукты,Зелень,название и продуктовый раздел магазина,"Овощи, фрукты, ягоды, зелень, грибы",https://online.metro-cc.ru/category/ovoshchi-i-frukty,149.0,/шт,торговый центр,цена в блоке торгового центра,125г,Наличие не подтверждено,https://online.metro-cc.ru/products/metro-chef-mini-shpinat-125-g-96656,149 д /шт от 1 шт,1192.0,руб/кг,0.125,Пересчёт по указанной в названии массе/объёму
2026-10-05_21-24-47_048716,2026-10-05T13:09:41+03:00,,,METRO,Москва,metro_moscow_leningradskoe_71g,"Москва и область, Ленинградское ш., 71Г",96655,"METRO Chef Салат Месклам, 125г",Овощи и фрукты,Овощи,категория магазина,"Овощи, фрукты, ягоды, зелень, грибы",https://online.metro-cc.ru/category/ovoshchi-i-frukty,169.0,/шт,торговый центр,цена в блоке торгового центра,125г,Наличие не подтверждено,https://online.metro-cc.ru/products/metro-chef-mesklam-125-g-96655,169 д /шт от 1 шт,1352.0,руб/кг,0.125,Пересчёт по указанной в названии массе/объёму
2026-10-05_21-24-47_048716,2026-10-05T13:09:41+03:00,,,METRO,Москва,metro_moscow_leningradskoe_71g,"Москва и область, Ленинградское ш., 71Г",102526,"METRO Chef Мята, 50г",Овощи и фрукты,Овощи,категория магазина,"Овощи, фрукты, ягоды, зелень, грибы",https://online.metro-cc.ru/category/ovoshchi-i-frukty,149.0,/шт,торговый центр,цена в блоке торгового центра,50г,В наличии,https://online.metro-cc.ru/products/myata-metro-chef-50-g-102526,149 д /шт от 1 шт,2980.0,руб/кг,0.05,Пересчёт по указанной в названии массе/объёму
2026-10-05_21-24-47_048716,2026-10-05T13:09:41+03:00,,,METRO,Москва,metro_moscow_leningradskoe_71g,"Москва и область, Ленинградское ш., 71Г",104666,"Салатная смесь Белая Дача Аликанте айсберг, фриссе и радичио, 130г",Овощи и фрукты,Овощи,категория магазина,"Овощи, фрукты, ягоды, зелень, грибы",https://online.metro-cc.ru/category/ovoshchi-i-frukty,229.0,/шт,торговый центр,цена в блоке торгового центра,130г,Наличие не подтверждено,https://online.metro-cc.ru/products/belaya-dacha-alikante-130g,229 д /шт от 1 шт,1761.54,руб/кг,0.13,Пересчёт по указанной в названии массе/объёму
2026-10-05_21-24-47_048716,2026-10-05T13:09:41+03:00,,,METRO,Москва,metro_moscow_leningradskoe_71g,"Москва и область, Ленинградское ш., 71Г",339607,"Розмарин, 50г",Овощи и фрукты,Овощи,категория магазина,"Овощи, фрукты, ягоды, зелень, грибы",https://online.metro-cc.ru/category/ovoshchi-i-frukty,99.9,/шт,торговый центр,цена в блоке торгового центра,50г,Наличие не подтверждено,https://online.metro-cc.ru/products/rozmarin-50g-339607,99.90 д /шт от 1 шт,1998.0,руб/кг,0.05,Пересчёт по указанной в названии массе/объёму
2026-10-05_21-24-47_048716,2026-10-05T13:09:41+03:00,,,METRO,Москва,metro_moscow_leningradskoe_71g,"Москва и область, Ленинградское ш., 71Г",96657,"METRO Chef Салат Рукола, 125г",Овощи и фрукты,Овощи,категория магазина,"Овощи, фрукты, ягоды, зелень, грибы",https://online.metro-cc.ru/category/ovoshchi-i-frukty,129.0,/шт,торговый центр,цена в блоке торгового центра,125г,Наличие не подтверждено,https://online.metro-cc.ru/products/metro-chef-rukola-125-g-96657,129 д /шт от 1 шт,1032.0,руб/кг,0.125,Пересчёт по указанной в названии массе/объёму
2026-10-05_21-24-47_048716,2026-10-05T13:10:02+03:00,,,METRO,Москва,metro_moscow_leningradskoe_71g,"Москва и область, Ленинградское ш., 71Г",113013,"METRO Chef Яйцо перепелиное, 20шт",Молочные продукты и яйца,Яйца,название и продуктовый раздел магазина,"Молоко, яйцо, масло",https://online.metro-cc.ru/category/molochnye-prodkuty-syry-i-yayca,174.0,/шт,торговый центр,зачёркнутая цена в блоке торгового центра,20шт,В наличии,https://online.metro-cc.ru/products/perepelinoe-metro-chef-20sht,134 д /шт 174 д /шт от 1 шт,,,,Нет однозначной массы/объёма упаковки
2026-10-05_21-24-47_048716,2026-10-05T13:10:02+03:00,,,METRO,Москва,metro_moscow_leningradskoe_71g,"Москва и область, Ленинградское ш., 71Г",253395,"METRO Chef Желток яичный пастеризованный охлажденный, 500г",Молочные продукты и яйца,Прочие молочные продукты,категория магазина,"Молоко, яйцо, масло",https://online.metro-cc.ru/category/molochnye-prodkuty-syry-i-yayca,263.0,/шт,торговый центр,цена в блоке торгового центра,500г,В наличии,https://online.metro-cc.ru/products/500g-zheltok-yaichnyy-metro-chef-pasterizovannyy-but-ohl,263 д /шт от 1 шт,526.0,руб/кг,0.5,Пересчёт по указанной в названии массе/объёму
2026-10-05_21-24-47_048716,2026-10-05T13:10:02+03:00,,,METRO,Москва,metro_moscow_leningradskoe_71g,"Москва и область, Ленинградское ш., 71Г",595894,"METRO Chef Яйцо куриное Омега-3 С1, 20шт",Молочные продукты и яйца,Яйца,название и продуктовый раздел магазина,"Молоко, яйцо, масло",https://online.metro-cc.ru/category/molochnye-prodkuty-syry-i-yayca,294.0,/шт,торговый центр,зачёркнутая цена в блоке торгового центра,20шт,В наличии,https://online.metro-cc.ru/products/metro-premium-omega-s1-20sht,244 д /шт 294 д /шт от 1 шт,,,,Нет однозначной массы/объёма упаковки
2026-10-05_21-24-47_048716,2026-10-05T13:10:02+03:00,,,METRO,Москва,metro_moscow_leningradskoe_71g,"Москва и область, Ленинградское ш., 71Г",485599,"Яйцо куриное Село Зеленое Деревенское коричневое столовое С0 яркий желток, 10шт",Молочные продукты и яйца,Яйца,название и продуктовый раздел магазина,"Молоко, яйцо, масло",https://online.metro-cc.ru/category/molochnye-prodkuty-syry-i-yayca,176.0,/шт,торговый центр,зачёркнутая цена в блоке торгового центра,10шт,Наличие не подтверждено,https://online.metro-cc.ru/products/kurinoe-selo-zelenoe-s0-10-sht,149.01 д /шт 176 д /шт от 1 шт,,,,Нет однозначной массы/объёма упаковки
2026-10-05_21-24-47_048716,2026-10-05T13:10:02+03:00,,,METRO,Москва,metro_moscow_leningradskoe_71g,"Москва и область, Ленинградское ш., 71Г",137689,"METRO Chef Яйцо перепелиное, 56шт",Молочные продукты и яйца,Яйца,название и продуктовый раздел магазина,"Молоко, яйцо, масло",https://online.metro-cc.ru/category/molochnye-prodkuty-syry-i-yayca,409.0,/шт,торговый центр,цена в блоке торгового центра,56шт,В наличии,https://online.metro-cc.ru/products/metro-chef-yaytso-perepelinoe-stolovoe-56sht,409 д /шт от 1 шт,,,,Нет однозначной массы/объёма упаковки
2026-10-05_21-24-47_048716,2026-10-05T13:10:02+03:00,,,METRO,Москва,metro_moscow_leningradskoe_71g,"Москва и область, Ленинградское ш., 71Г",454928,"RIOBA Молоко ультрапастеризованное 3.5%, 1л",Молочные продукты и яйца,Молоко и сливки,название и продуктовый раздел магазина,"Молоко, яйцо, масло",https://online.metro-cc.ru/category/molochnye-prodkuty-syry-i-yayca,119.0,/шт,торговый центр,цена в блоке торгового центра,1л,В наличии,https://online.metro-cc.ru/products/rioba-moloko-ultrapasterizovannoye-3-5-1l-454928,119 д /шт от 1 шт,119.0,руб/л,1.0,Пересчёт по указанной в названии массе/объёму
2026-10-05_21-24-47_048716,2026-10-05T13:10:02+03:00,,,METRO,Москва,metro_moscow_leningradskoe_71g,"Москва и область, Ленинградское ш., 71Г",113310,"Молоко Parmalat ультрапастеризованное 1.8%, 1л",Молочные продукты и яйца,Молоко и сливки,название и продуктовый раздел магазина,"Молоко, яйцо, масло",https://online.metro-cc.ru/category/molochnye-prodkuty-syry-i-yayca,134.0,/шт,торговый центр,цена в блоке торгового центра,1л,Наличие не подтверждено,https://online.metro-cc.ru/products/moloko-parmalat-ultrapasterizovannoye-1-8-1l,134 д /шт от 1 шт,134.0,руб/л,1.0,Пересчёт по указанной в названии массе/объёму
2026-10-05_21-24-47_048716,2026-10-05T13:10:02+03:00,,,METRO,Москва,metro_moscow_leningradskoe_71g,"Москва и область, Ленинградское ш., 71Г",74209,"Молоко Parmalat безлактозное ультрапастеризованное 0.05%, 1л",Молочные продукты и яйца,Молоко и сливки,название и продуктовый раздел магазина,"Молоко, яйцо, масло",https://online.metro-cc.ru/category/molochnye-prodkuty-syry-i-yayca,169.0,/шт,торговый центр,зачёркнутая цена в блоке торгового центра,1л,Наличие не подтверждено,https://online.metro-cc.ru/products/moloko-parmalat-bezlaktoznoye-ultrapasterizovannoye-0-05-1l-74209,149 д /шт 169 д /шт от 1 шт,169.0,руб/л,1.0,Пересчёт по указанной в названии массе/объёму
2026-10-05_21-24-47_048716,2026-10-05T13:10:02+03:00,,,METRO,Москва,metro_moscow_leningradskoe_71g,"Москва и область, Ленинградское ш., 71Г",58740,"Молоко Neo High-Protein ультрапастеризованное безлактозное 0.5%, 950г",Молочные продукты и яйца,Молоко и сливки,название и продуктовый раздел магазина,"Молоко, яйцо, масло",https://online.metro-cc.ru/category/molochnye-prodkuty-syry-i-yayca,199.0,/шт,торговый центр,зачёркнутая цена в блоке торгового центра,950г,Наличие не подтверждено,https://online.metro-cc.ru/products/moloko-neo-high-protein-ultrapasterizovannoe-bezlaktoznoe-05-950g,184 д /шт 199 д /шт от 1 шт,209.47,руб/кг,0.95,Пересчёт по указанной в названии массе/объёму
2026-10-05_21-24-47_048716,2026-10-05T13:10:02+03:00,,,METRO,Москва,metro_moscow_leningradskoe_71g,"Москва и область, Ленинградское ш., 71Г",74207,"Молоко Parmalat Comfort ультрапастеризованное безлактозное 1.8%, 1л",Молочные продукты и яйца,Молоко и сливки,название и продуктовый раздел магазина,"Молоко, яйцо, масло",https://online.metro-cc.ru/category/molochnye-prodkuty-syry-i-yayca,159.01,/шт,торговый центр,цена в блоке торгового центра,1л,В наличии,https://online.metro-cc.ru/products/moloko-parmalat-comfort-bezlaktoznoye-ultrapasterizovannoye-1-8-1l-74207,159.01 д /шт от 1 шт,159.01,руб/л,1.0,Пересчёт по указанной в названии массе/объёму
2026-10-05_21-24-47_048716,2026-10-05T13:10:02+03:00,,,METRO,Москва,metro_moscow_leningradskoe_71g,"Москва и область, Ленинградское ш., 71Г",227347,"Масло сливочное Экомилк Традиционное ГОСТ 82.5% (50г x 6шт), 300г",Молочные продукты и яйца,Сливочное масло,название и продуктовый раздел магазина,"Молоко, яйцо, масло",https://online.metro-cc.ru/category/molochnye-prodkuty-syry-i-yayca,369.01,/шт,торговый центр,цена в блоке торгового центра,50г; 6шт; 300г,В наличии,https://online.metro-cc.ru/products/6h50g-maslo-slivochnoe-825-ekomilk-traditsionnoe-bzmzh,369.01 д /шт от 1 шт,,,,Нет однозначной массы/объёма упаковки
2026-10-05_21-24-47_048716,2026-10-05T13:10:02+03:00,,,METRO,Москва,metro_moscow_leningradskoe_71g,"Москва и область, Ленинградское ш., 71Г",356074,"Масло сливочное Тысяча Озер 82.5%, 180г",Молочные продукты и яйца,Сливочное масло,название и продуктовый раздел магазина,"Молоко, яйцо, масло",https://online.metro-cc.ru/category/molochnye-prodkuty-syry-i-yayca,199.0,/шт,торговый центр,цена в блоке торгового центра,180г,В наличии,https://online.metro-cc.ru/products/maslo-slivochnoye-tysyacha-ozyor-82-5-180g,199 д /шт от 1 шт,1105.56,руб/кг,0.18,Пересчёт по указанной в названии массе/объёму
2026-10-05_21-24-47_048716,2026-10-05T13:10:02+03:00,,,METRO,Москва,metro_moscow_leningradskoe_71g,"Москва и область, Ленинградское ш., 71Г",275109,"Масло сладко-сливочное Экомилк Традиционное несоленое ГОСТ 82.5%, 330г",Молочные продукты и яйца,Сливочное масло,название и продуктовый раздел магазина,"Молоко, яйцо, масло",https://online.metro-cc.ru/category/molochnye-prodkuty-syry-i-yayca,349.0,/шт,торговый центр,цена в блоке торгового центра,330г,В наличии,https://online.metro-cc.ru/products/330g-maslo-sliv-825-ekomilk-gost-bzmzh,349 д /шт от 1 шт,1057.58,руб/кг,0.33,Пересчёт по указанной в названии массе/объёму
2026-10-05_21-24-47_048716,2026-10-05T13:10:02+03:00,,,METRO,Москва,metro_moscow_leningradskoe_71g,"Москва и область, Ленинградское ш., 71Г",663843,"Масло сливочное President 82%, 180г",Молочные продукты и яйца,Сливочное масло,название и продуктовый раздел магазина,"Молоко, яйцо, масло",https://online.metro-cc.ru/category/molochnye-prodkuty-syry-i-yayca,339.0,/шт,торговый центр,зачёркнутая цена в блоке торгового центра,180г,В наличии,https://online.metro-cc.ru/products/president-nesolenoe-82-180g-bzmzh,239 д /шт 339 д /шт от 1 шт,1883.33,руб/кг,0.18,Пересчёт по указанной в названии массе/объёму
2026-10-05_21-24-47_048716,2026-10-05T13:10:02+03:00,,,METRO,Москва,metro_moscow_leningradskoe_71g,"Москва и область, Ленинградское ш., 71Г",204024,"Масло сливочное Простоквашино 72.5%, 180г",Молочные продукты и яйца,Сливочное масло,название и продуктовый раздел магазина,"Молоко, яйцо, масло",https://online.metro-cc.ru/category/molochnye-prodkuty-syry-i-yayca,189.0,/шт,торговый центр,цена в блоке торгового центра,180г,В наличии,https://online.metro-cc.ru/products/maslo-slivochnoye-prostokvashino-72-5-180g,189 д /шт от 1 шт,1050.0,руб/кг,0.18,Пересчёт по указанной в названии массе/объёму
2026-10-05_21-24-47_048716,2026-10-05T13:10:02+03:00,,,METRO,Москва,metro_moscow_leningradskoe_71g,"Москва и область, Ленинградское ш., 71Г",109122,"Творог рассыпчатый Вкуснотеево 9%, 350г",Молочные продукты и яйца,Творог,название и продуктовый раздел магазина,"Молоко, яйцо, масло",https://online.metro-cc.ru/category/molochnye-prodkuty-syry-i-yayca,189.0,/шт,торговый центр,цена в блоке торгового центра,350г,В наличии,https://online.metro-cc.ru/products/vkusnoteevo-9-350g-109122,189 д /шт от 1 шт,540.0,руб/кг,0.35,Пересчёт по указанной в названии массе/объёму
2026-10-05_21-24-47_048716,2026-10-05T13:10:02+03:00,,,METRO,Москва,metro_moscow_leningradskoe_71g,"Москва и область, Ленинградское ш., 71Г",109741,"Пудинг протеиновый Ehrmann Hyper High Protein со вкусом шоколада без лактозы 1.5%, 200г 1.5%, 200г",Молочные продукты и яйца,Йогурты и десерты,название и продуктовый раздел магазина,"Молоко, яйцо, масло",https://online.metro-cc.ru/category/molochnye-prodkuty-syry-i-yayca,144.0,/шт,торговый центр,цена в блоке торгового центра,200г; 200г,В наличии,https://online.metro-cc.ru/products/puding-ehrmann-shokolad-vysokobelkovyj-15-200-g,144 д /шт от 1 шт,,,,Нет однозначной массы/объёма упаковки
2026-10-05_21-24-47_048716,2026-10-05T13:10:02+03:00,,,METRO,Москва,metro_moscow_leningradskoe_71g,"Москва и область, Ленинградское ш., 71Г",283687,"Творожок Даниссимо Браво с шоколадом 6.7%, 130г",Молочные продукты и яйца,Творог,название и продуктовый раздел магазина,"Молоко, яйцо, масло",https://online.metro-cc.ru/category/molochnye-prodkuty-syry-i-yayca,64.9,/шт,торговый центр,цена в блоке торгового центра,130г,В наличии,https://online.metro-cc.ru/products/tvorozhok-danissimo-bravo-s-shokoladom-6-7-130g-283687,64.90 д /шт от 1 шт,499.23,руб/кг,0.13,Пересчёт по указанной в названии массе/объёму
2026-10-05_21-24-47_048716,2026-10-05T13:10:02+03:00,,,METRO,Москва,metro_moscow_leningradskoe_71g,"Москва и область, Ленинградское ш., 71Г",286481,"Творог Простоквашино мягкий 5%, 120г",Молочные продукты и яйца,Творог,название и продуктовый раздел магазина,"Молоко, яйцо, масло",https://online.metro-cc.ru/category/molochnye-prodkuty-syry-i-yayca,42.9,/шт,торговый центр,цена в блоке торгового центра,120г,В наличии,https://online.metro-cc.ru/products/120g-tvorog-myagkiy-5-prostokvashino-bzmzh,42.90 д /шт от 1 шт,357.5,руб/кг,0.12,Пересчёт по указанной в названии массе/объёму
2026-10-05_21-24-47_048716,2026-10-05T13:10:02+03:00,,,METRO,Москва,metro_moscow_leningradskoe_71g,"Москва и область, Ленинградское ш., 71Г",109742,"Пудинг протеиновый Ehrmann Hyper High Protein со вкусом ванили без лактозы 1.5%, 200г",Молочные продукты и яйца,Йогурты и десерты,название и продуктовый раздел магазина,"Молоко, яйцо, масло",https://online.metro-cc.ru/category/molochnye-prodkuty-syry-i-yayca,144.0,/шт,торговый центр,цена в блоке торгового центра,200г,В наличии,https://online.metro-cc.ru/products/puding-ehrmann-vanil-vysokobelkovyj-15-200-g,144 д /шт от 1 шт,720.0,руб/кг,0.2,Пересчёт по указанной в названии массе/объёму
2026-10-05_21-24-47_048716,2026-10-05T13:10:02+03:00,,,METRO,Москва,metro_moscow_leningradskoe_71g,"Москва и область, Ленинградское ш., 71Г",113775,"Сырок творожный глазированный Простоквашино с вареной сгущенкой 23%, 40г",Молочные продукты и яйца,Творог,название и продуктовый раздел магазина,"Молоко, яйцо, масло",https://online.metro-cc.ru/category/molochnye-prodkuty-syry-i-yayca,44.9,/шт,торговый центр,цена в блоке торгового центра,40г,В наличии,https://online.metro-cc.ru/products/40g-gl-syrok-23-prostokvashino-sgusch-var-bzmzh,44.90 д /шт от 1 шт,1122.5,руб/кг,0.04,Пересчёт по указанной в названии массе/объёму
2026-10-05_21-24-47_048716,2026-10-05T13:10:02+03:00,,,METRO,Москва,metro_moscow_leningradskoe_71g,"Москва и область, Ленинградское ш., 71Г",233005,"Напиток растительный миндальный Planto Barista без сахара 1.2%, 1л",Напитки,Растительные напитки,название,"Молоко, яйцо, масло",https://online.metro-cc.ru/category/molochnye-prodkuty-syry-i-yayca,199.01,/шт,торговый центр,зачёркнутая цена в блоке торгового центра,1л,В наличии,https://online.metro-cc.ru/products/1l-napitok-mindalnyy-12-planto-bsahara,179 д /шт 199.01 д /шт от 1 шт,199.01,руб/л,1.0,Пересчёт по указанной в названии массе/объёму
2026-10-05_21-24-47_048716,2026-10-05T13:10:02+03:00,,,METRO,Москва,metro_moscow_leningradskoe_71g,"Москва и область, Ленинградское ш., 71Г",221906,"METRO Chef Крем кокосовый кулинарный 21-22%, 400мл",Молочные продукты и яйца,Прочие молочные продукты,категория магазина,"Молоко, яйцо, масло",https://online.metro-cc.ru/category/molochnye-prodkuty-syry-i-yayca,279.0,/шт,торговый центр,зачёркнутая цена в блоке торгового центра,400мл,В наличии,https://online.metro-cc.ru/products/400ml-kokosovyy-krem-21-22-metro-chef-kulinarnyy,198.99 д /шт 279 д /шт от 1 шт,697.5,руб/л,0.4,Пересчёт по указанной в названии массе/объёму
2026-10-05_21-24-47_048716,2026-10-05T13:10:02+03:00,,,METRO,Москва,metro_moscow_leningradskoe_71g,"Москва и область, Ленинградское ш., 71Г",232990,"Напиток растительный кокосовый Planto Barista с соей 1.3%, 1л",Напитки,Растительные напитки,название,"Молоко, яйцо, масло",https://online.metro-cc.ru/category/molochnye-prodkuty-syry-i-yayca,199.01,/шт,торговый центр,зачёркнутая цена в блоке торгового центра,1л,В наличии,https://online.metro-cc.ru/products/1l-napitok-kokosovyy-13-planto-barista-s-soey,179 д /шт 199.01 д /шт от 1 шт,199.01,руб/л,1.0,Пересчёт по указанной в названии массе/объёму
2026-10-05_21-24-47_048716,2026-10-05T13:10:02+03:00,,,METRO,Москва,metro_moscow_leningradskoe_71g,"Москва и область, Ленинградское ш., 71Г",232991,"Напиток растительный миндальный Planto Barista 1.2%, 1л",Напитки,Растительные напитки,название,"Молоко, яйцо, масло",https://online.metro-cc.ru/category/molochnye-prodkuty-syry-i-yayca,199.01,/шт,торговый центр,зачёркнутая цена в блоке торгового центра,1л,В наличии,https://online.metro-cc.ru/products/1l-napitok-mindalnyy-12-planto-barista,179 д /шт 199.01 д /шт от 1 шт,199.01,руб/л,1.0,Пересчёт по указанной в названии массе/объёму
2026-10-05_21-24-47_048716,2026-10-05T13:10:02+03:00,,,METRO,Москва,metro_moscow_leningradskoe_71g,"Москва и область, Ленинградское ш., 71Г",233011,"Напиток растительный Planto Barista банановый 0.7%, 1л",Овощи и фрукты,Фрукты,название,"Молоко, яйцо, масло",https://online.metro-cc.ru/category/molochnye-prodkuty-syry-i-yayca,199.01,/шт,торговый центр,зачёркнутая цена в блоке торгового центра,1л,В наличии,https://online.metro-cc.ru/products/1l-napitok-soevo-bananovyy-07-planto-aroma,179 д /шт 199.01 д /шт от 1 шт,199.01,руб/л,1.0,Пересчёт по указанной в названии массе/объёму
2026-10-05_21-24-47_048716,2026-10-05T13:10:02+03:00,,,METRO,Москва,metro_moscow_leningradskoe_71g,"Москва и область, Ленинградское ш., 71Г",270309,"Напиток соевый Planto Barista Фисташковый пломбир, 1л",Замороженные продукты,Мороженое,название,"Молоко, яйцо, масло",https://online.metro-cc.ru/category/molochnye-prodkuty-syry-i-yayca,199.01,/шт,торговый центр,зачёркнутая цена в блоке торгового центра,1л,В наличии,https://online.metro-cc.ru/products/1l-napitok-soevyy-07-planto-barista-fist-plombir,179 д /шт 199.01 д /шт от 1 шт,199.01,руб/л,1.0,Пересчёт по указанной в названии массе/объёму
2026-10-05_21-24-47_048716,2026-10-05T13:10:02+03:00,,,METRO,Москва,metro_moscow_leningradskoe_71g,"Москва и область, Ленинградское ш., 71Г",583487,"Йогурт Epica натуральный вишня черешня 4.8%, 130г",Молочные продукты и яйца,Йогурты и десерты,название и продуктовый раздел магазина,"Молоко, яйцо, масло",https://online.metro-cc.ru/category/molochnye-prodkuty-syry-i-yayca,59.91,/шт,торговый центр,цена в блоке торгового центра,130г,В наличии,https://online.metro-cc.ru/products/epica-vishnya-chereshnya-130-g-bzmzh,59.91 д /шт от 1 шт,460.85,руб/кг,0.13,Пересчёт по указанной в названии массе/объёму
2026-10-05_21-24-47_048716,2026-10-05T13:10:02+03:00,,,METRO,Москва,metro_moscow_leningradskoe_71g,"Москва и область, Ленинградское ш., 71Г",621449,"Йогурт Epica натуральный персик маракуйя 4.8%, 130г",Молочные продукты и яйца,Йогурты и десерты,название и продуктовый раздел магазина,"Молоко, яйцо, масло",https://online.metro-cc.ru/category/molochnye-prodkuty-syry-i-yayca,59.91,/шт,торговый центр,цена в блоке торгового центра,130г,В наличии,https://online.metro-cc.ru/products/epica-naturalnyj-persik-marakujya-bzmzh,59.91 д /шт от 1 шт,460.85,руб/кг,0.13,Пересчёт по указанной в названии массе/объёму
2026-10-05_21-24-47_048716,2026-10-05T13:10:02+03:00,,,METRO,Москва,metro_moscow_leningradskoe_71g,"Москва и область, Ленинградское ш., 71Г",225173,"Йогурт Актибио натуральный 3.5%, 130г",Молочные продукты и яйца,Йогурты и десерты,название и продуктовый раздел магазина,"Молоко, яйцо, масло",https://online.metro-cc.ru/category/molochnye-prodkuty-syry-i-yayca,44.9,/шт,торговый центр,цена в блоке торгового центра,130г,В наличии,https://online.metro-cc.ru/products/130g-yogurt-35-aktibio-naturalnyy-bzmzh,44.90 д /шт от 1 шт,345.38,руб/кг,0.13,Пересчёт по указанной в названии массе/объёму
2026-10-05_21-24-47_048716,2026-10-05T13:10:24+03:00,,,METRO,Москва,metro_moscow_leningradskoe_71g,"Москва и область, Ленинградское ш., 71Г",112947,"Сыр Cheese Gallery Чеддер красный полутвердый 50%, 200г",Молочные продукты и яйца,Сыры,название и продуктовый раздел магазина,Сыры,https://online.metro-cc.ru/category/siry,329.0,/шт,торговый центр,цена в блоке торгового центра,200г,В наличии,https://online.metro-cc.ru/products/syr-polutverdyj-cheese-gallery-cheddar-krasnyj-50-200g,329 д /шт от 1 шт,1645.0,руб/кг,0.2,Пересчёт по указанной в названии массе/объёму
2026-10-05_21-24-47_048716,2026-10-05T13:10:24+03:00,,,METRO,Москва,metro_moscow_leningradskoe_71g,"Москва и область, Ленинградское ш., 71Г",123790,"METRO Chef Смесь тертых сыров 45%, 150г",Молочные продукты и яйца,Прочие молочные продукты,категория магазина,Сыры,https://online.metro-cc.ru/category/siry,159.01,/шт,торговый центр,цена в блоке торгового центра,150г,В наличии,https://online.metro-cc.ru/products/150g-smes-tyortyh-45-metro-chef-bzmzh,159.01 д /шт от 1 шт,1060.07,руб/кг,0.15,Пересчёт по указанной в названии массе/объёму
2026-10-05_21-24-47_048716,2026-10-05T13:10:24+03:00,,,METRO,Москва,metro_moscow_leningradskoe_71g,"Москва и область, Ленинградское ш., 71Г",118313,"METRO Chef Сыр Российский 50%, 500г",Молочные продукты и яйца,Сыры,название и продуктовый раздел магазина,Сыры,https://online.metro-cc.ru/category/siry,439.0,/шт,торговый центр,цена в блоке торгового центра,500г,В наличии,https://online.metro-cc.ru/products/500g-50-rossijskij-metro-chef-bzmzh,439 д /шт от 1 шт,878.0,руб/кг,0.5,Пересчёт по указанной в названии массе/объёму
2026-10-05_21-24-47_048716,2026-10-05T13:10:24+03:00,,,METRO,Москва,metro_moscow_leningradskoe_71g,"Москва и область, Ленинградское ш., 71Г",119948,"METRO Chef Сыр Гауда 45%, 500г",Молочные продукты и яйца,Сыры,название и продуктовый раздел магазина,Сыры,https://online.metro-cc.ru/category/siry,499.0,/шт,торговый центр,цена в блоке торгового центра,500г,В наличии,https://online.metro-cc.ru/products/500g-48-gauda-metro-chef-kusok-bzmzh,499 д /шт от 1 шт,998.0,руб/кг,0.5,Пересчёт по указанной в названии массе/объёму
2026-10-05_21-24-47_048716,2026-10-05T13:10:24+03:00,,,METRO,Москва,metro_moscow_leningradskoe_71g,"Москва и область, Ленинградское ш., 71Г",118311,"METRO Chef Сыр Маасдам 45%, 500г",Молочные продукты и яйца,Сыры,название и продуктовый раздел магазина,Сыры,https://online.metro-cc.ru/category/siry,679.0,/шт,торговый центр,цена в блоке торгового центра,500г,В наличии,https://online.metro-cc.ru/products/500g-45-metro-chef-maasdam-bzmzh,679 д /шт от 1 шт,1358.0,руб/кг,0.5,Пересчёт по указанной в названии массе/объёму
2026-10-05_21-24-47_048716,2026-10-05T13:10:24+03:00,,,METRO,Москва,metro_moscow_leningradskoe_71g,"Москва и область, Ленинградское ш., 71Г",300644,"Сыр Dolce Granto Platinum Пармезан 40%, 150г",Молочные продукты и яйца,Сыры,название и продуктовый раздел магазина,Сыры,https://online.metro-cc.ru/category/siry,459.0,/шт,торговый центр,цена в блоке торгового центра,150г,В наличии,https://online.metro-cc.ru/products/150g-syr-parmezan-40-dolce-granto-platinum-bzmzh,459 д /шт от 1 шт,3060.0,руб/кг,0.15,Пересчёт по указанной в названии массе/объёму
2026-10-05_21-24-47_048716,2026-10-05T13:10:24+03:00,,,METRO,Москва,metro_moscow_leningradskoe_71g,"Москва и область, Ленинградское ш., 71Г",313148,"Сыр Palermo твердый 40%, 180г",Молочные продукты и яйца,Сыры,название и продуктовый раздел магазина,Сыры,https://online.metro-cc.ru/category/siry,269.01,/шт,торговый центр,цена в блоке торгового центра,180г,В наличии,https://online.metro-cc.ru/products/syr-palermo-tverdyy-40-180g,269.01 д /шт от 1 шт,1494.5,руб/кг,0.18,Пересчёт по указанной в названии массе/объёму
2026-10-05_21-24-47_048716,2026-10-05T13:10:24+03:00,,,METRO,Москва,metro_moscow_leningradskoe_71g,"Москва и область, Ленинградское ш., 71Г",632086,"Сыр Cheese Gallery Пармезан тертый гранулы 32%, 100г",Молочные продукты и яйца,Сыры,название и продуктовый раздел магазина,Сыры,https://online.metro-cc.ru/category/siry,269.01,/шт,торговый центр,цена в блоке торгового центра,100г,В наличии,https://online.metro-cc.ru/products/cheese-gallery-parmezan-38-tertyj-granuly-100g-bzmzh,269.01 д /шт от 1 шт,2690.1,руб/кг,0.1,Пересчёт по указанной в названии массе/объёму
2026-10-05_21-24-47_048716,2026-10-05T13:10:24+03:00,,,METRO,Москва,metro_moscow_leningradskoe_71g,"Москва и область, Ленинградское ш., 71Г",632087,"Сыр Cheese Gallery Пармезан тертый хлопья 32%, 100г",Молочные продукты и яйца,Сыры,название и продуктовый раздел магазина,Сыры,https://online.metro-cc.ru/category/siry,264.0,/шт,торговый центр,зачёркнутая цена в блоке торгового центра,100г,В наличии,https://online.metro-cc.ru/products/cheese-gallery-parmesan-flakes-100g,169 д /шт 264 д /шт от 1 шт,2640.0,руб/кг,0.1,Пересчёт по указанной в названии массе/объёму
2026-10-05_21-24-47_048716,2026-10-05T13:10:24+03:00,,,METRO,Москва,metro_moscow_leningradskoe_71g,"Москва и область, Ленинградское ш., 71Г",119941,"METRO Chef Сыр Пармезан тертый 33%, 150г",Молочные продукты и яйца,Сыры,название и продуктовый раздел магазина,Сыры,https://online.metro-cc.ru/category/siry,309.0,/шт,торговый центр,цена в блоке торгового центра,150г,В наличии,https://online.metro-cc.ru/products/metro-chef-parmezan-tertyj-33-150-g-bzmzh,309 д /шт от 1 шт,2060.0,руб/кг,0.15,Пересчёт по указанной в названии массе/объёму
2026-10-05_21-24-47_048716,2026-10-05T13:10:24+03:00,,,METRO,Москва,metro_moscow_leningradskoe_71g,"Москва и область, Ленинградское ш., 71Г",270695,"Сыр Le Superbe Чеддер кусковой 50%, 150г",Молочные продукты и яйца,Сыры,название и продуктовый раздел магазина,Сыры,https://online.metro-cc.ru/category/siry,519.0,/шт,торговый центр,зачёркнутая цена в блоке торгового центра,150г,В наличии,https://online.metro-cc.ru/products/150g-syr-chedder-50-le-superbe-kus-bzmzh,369.01 д /шт 519 д /шт от 1 шт,3460.0,руб/кг,0.15,Пересчёт по указанной в названии массе/объёму
2026-10-05_21-24-47_048716,2026-10-05T13:10:24+03:00,,,METRO,Москва,metro_moscow_leningradskoe_71g,"Москва и область, Ленинградское ш., 71Г",639498,"Сыр Le Superbe Grand Maurice твердый 45%, 150г",Молочные продукты и яйца,Сыры,название и продуктовый раздел магазина,Сыры,https://online.metro-cc.ru/category/siry,679.0,/шт,торговый центр,зачёркнутая цена в блоке торгового центра,150г,В наличии,https://online.metro-cc.ru/products/le-superbe-grand-maurice-150g-bzmzh,479.01 д /шт 679 д /шт от 1 шт,4526.67,руб/кг,0.15,Пересчёт по указанной в названии массе/объёму
2026-10-05_21-24-47_048716,2026-10-05T13:10:24+03:00,,,METRO,Москва,metro_moscow_leningradskoe_71g,"Москва и область, Ленинградское ш., 71Г",536705,"Сыр Le Superbe Switzerland Swiss твердый 49%, 180г",Молочные продукты и яйца,Сыры,название и продуктовый раздел магазина,Сыры,https://online.metro-cc.ru/category/siry,579.0,/шт,торговый центр,цена в блоке торгового центра,180г,В наличии,https://online.metro-cc.ru/products/lesuperbe-shvejcarskij-49-180-g,579 д /шт от 1 шт,3216.67,руб/кг,0.18,Пересчёт по указанной в названии массе/объёму
2026-10-05_21-24-47_048716,2026-10-05T13:10:24+03:00,,,METRO,Москва,metro_moscow_leningradskoe_71g,"Москва и область, Ленинградское ш., 71Г",125895,"Сыр Le Superbe Swiss Alpine cow полутвердый 48%, 150г",Молочные продукты и яйца,Сыры,название и продуктовый раздел магазина,Сыры,https://online.metro-cc.ru/category/siry,639.0,/шт,торговый центр,зачёркнутая цена в блоке торгового центра,150г,Наличие не подтверждено,https://online.metro-cc.ru/products/lesuperb-alpijskaya-korova-48-150g,439 д /шт 639 д /шт от 1 шт,4260.0,руб/кг,0.15,Пересчёт по указанной в названии массе/объёму
2026-10-05_21-24-47_048716,2026-10-05T13:10:24+03:00,,,METRO,Москва,metro_moscow_leningradskoe_71g,"Москва и область, Ленинградское ш., 71Г",270699,"Сыр полутвердый Le Superbe Раклет нарезка 48%, 160г",Молочные продукты и яйца,Сыры,название и продуктовый раздел магазина,Сыры,https://online.metro-cc.ru/category/siry,739.0,/шт,торговый центр,цена в блоке торгового центра,160г,В наличии,https://online.metro-cc.ru/products/160g-syr-raklet-48-le-superbe-bzmzh,739 д /шт от 1 шт,4618.75,руб/кг,0.16,Пересчёт по указанной в названии массе/объёму
2026-10-05_21-24-47_048716,2026-10-05T13:10:24+03:00,,,METRO,Москва,metro_moscow_leningradskoe_71g,"Москва и область, Ленинградское ш., 71Г",92457,"Сыр Dorblu Chef Mix с голубой плесенью 50%, 100г",Молочные продукты и яйца,Сыры,название и продуктовый раздел магазина,Сыры,https://online.metro-cc.ru/category/siry,139.0,/шт,торговый центр,цена в блоке торгового центра,100г,В наличии,https://online.metro-cc.ru/products/100g-syr-50-dorblu-chef-mix-s-goluboy-plesenyu-bzmzh,139 д /шт от 1 шт,1390.0,руб/кг,0.1,Пересчёт по указанной в названии массе/объёму
2026-10-05_21-24-47_048716,2026-10-05T13:10:24+03:00,,,METRO,Москва,metro_moscow_leningradskoe_71g,"Москва и область, Ленинградское ш., 71Г",106078,"Сыр Mozer Blue с голубой плесенью 50%, 100г",Молочные продукты и яйца,Сыры,название и продуктовый раздел магазина,Сыры,https://online.metro-cc.ru/category/siry,239.0,/шт,торговый центр,цена в блоке торгового центра,100г,В наличии,https://online.metro-cc.ru/products/100g-syr-blue-50-mozer-golubaya-plesen-bzmzh,239 д /шт от 1 шт,2390.0,руб/кг,0.1,Пересчёт по указанной в названии массе/объёму
2026-10-05_21-24-47_048716,2026-10-05T13:10:24+03:00,,,METRO,Москва,metro_moscow_leningradskoe_71g,"Москва и область, Ленинградское ш., 71Г",110756,"METRO Chef Сыр Камамбер 50%, 125г",Молочные продукты и яйца,Сыры,название и продуктовый раздел магазина,Сыры,https://online.metro-cc.ru/category/siry,199.0,/шт,торговый центр,цена в блоке торгового центра,125г,В наличии,https://online.metro-cc.ru/products/metro-chef-kamamber-50-125g,199 д /шт от 1 шт,1592.0,руб/кг,0.125,Пересчёт по указанной в названии массе/объёму
2026-10-05_21-24-47_048716,2026-10-05T13:10:24+03:00,,,METRO,Москва,metro_moscow_leningradskoe_71g,"Москва и область, Ленинградское ш., 71Г",612310,"Сыр мягкий Vitalat Бри с белой плесенью 60%, 125г",Молочные продукты и яйца,Сыры,название и продуктовый раздел магазина,Сыры,https://online.metro-cc.ru/category/siry,309.0,/шт,торговый центр,цена в блоке торгового центра,125г,В наличии,https://online.metro-cc.ru/products/vitalat-brie-60-125g-bzmzh,309 д /шт от 1 шт,2472.0,руб/кг,0.125,Пересчёт по указанной в названии массе/объёму
2026-10-05_21-24-47_048716,2026-10-05T13:10:24+03:00,,,METRO,Москва,metro_moscow_leningradskoe_71g,"Москва и область, Ленинградское ш., 71Г",201941,"Сыр Blue Delice c голубой плесенью 50%, 100г",Молочные продукты и яйца,Сыры,название и продуктовый раздел магазина,Сыры,https://online.metro-cc.ru/category/siry,239.0,/шт,торговый центр,цена в блоке торгового центра,100г,В наличии,https://online.metro-cc.ru/products/100g-syr-50-bluedelice-golubaya-plesen-bzmzh,239 д /шт от 1 шт,2390.0,руб/кг,0.1,Пересчёт по указанной в названии массе/объёму
2026-10-05_21-24-47_048716,2026-10-05T13:10:24+03:00,,,METRO,Москва,metro_moscow_leningradskoe_71g,"Москва и область, Ленинградское ш., 71Г",132385,"Сыр творожный Виолетта креветка 70%, 140г",Молочные продукты и яйца,Сыры,название и продуктовый раздел магазина,Сыры,https://online.metro-cc.ru/category/siry,97.9,/шт,торговый центр,цена в блоке торгового центра,140г,В наличии,https://online.metro-cc.ru/products/syr-tvorozhnyy-70-violetta-krevetka-140g-bzmzh,97.90 д /шт от 1 шт,699.29,руб/кг,0.14,Пересчёт по указанной в названии массе/объёму
2026-10-05_21-24-47_048716,2026-10-05T13:10:24+03:00,,,METRO,Москва,metro_moscow_leningradskoe_71g,"Москва и область, Ленинградское ш., 71Г",526322,"Сыр Galbani Маскарпоне, 500г",Молочные продукты и яйца,Сыры,название и продуктовый раздел магазина,Сыры,https://online.metro-cc.ru/category/siry,579.0,/шт,торговый центр,цена в блоке торгового центра,500г,В наличии,https://online.metro-cc.ru/products/galbani-maskarpone-500g-bzmzh,579 д /шт от 1 шт,1158.0,руб/кг,0.5,Пересчёт по указанной в названии массе/объёму
2026-10-05_21-24-47_048716,2026-10-05T13:10:24+03:00,,,METRO,Москва,metro_moscow_leningradskoe_71g,"Москва и область, Ленинградское ш., 71Г",116701,"METRO Chef Сыр Рикотта 45%, 500г",Молочные продукты и яйца,Сыры,название и продуктовый раздел магазина,Сыры,https://online.metro-cc.ru/category/siry,239.0,/шт,торговый центр,цена в блоке торгового центра,500г,В наличии,https://online.metro-cc.ru/products/500g-syr-45-metro-chef-rikotta-bzmzh,239 д /шт от 1 шт,478.0,руб/кг,0.5,Пересчёт по указанной в названии массе/объёму
2026-10-05_21-24-47_048716,2026-10-05T13:10:24+03:00,,,METRO,Москва,metro_moscow_leningradskoe_71g,"Москва и область, Ленинградское ш., 71Г",132386,"Сыр творожный Виолетта ароматная зелень 70%, 140г",Молочные продукты и яйца,Сыры,название и продуктовый раздел магазина,Сыры,https://online.metro-cc.ru/category/siry,97.9,/шт,торговый центр,цена в блоке торгового центра,140г,Наличие не подтверждено,https://online.metro-cc.ru/products/syr-tvorozhnyy-70-violetta-zelen-140g-bzmzh,97.90 д /шт от 1 шт,699.29,руб/кг,0.14,Пересчёт по указанной в названии массе/объёму
2026-10-05_21-24-47_048716,2026-10-05T13:10:24+03:00,,,METRO,Москва,metro_moscow_leningradskoe_71g,"Москва и область, Ленинградское ш., 71Г",627943,"METRO Chef Сыр Маскарпоне 80%, 500г",Молочные продукты и яйца,Сыры,название и продуктовый раздел магазина,Сыры,https://online.metro-cc.ru/category/siry,579.0,/шт,торговый центр,цена в блоке торгового центра,500г,В наличии,https://online.metro-cc.ru/products/metro-chef-maskarpone-500-g,579 д /шт от 1 шт,1158.0,руб/кг,0.5,Пересчёт по указанной в названии массе/объёму
2026-10-05_21-24-47_048716,2026-10-05T13:10:24+03:00,,,METRO,Москва,metro_moscow_leningradskoe_71g,"Москва и область, Ленинградское ш., 71Г",296885,"METRO Chef Сыр моцарелла для пиццы кусок 45%, 1кг",Молочные продукты и яйца,Сыры,название и продуктовый раздел магазина,Сыры,https://online.metro-cc.ru/category/siry,939.0,/шт,торговый центр,цена в блоке торгового центра,1кг,Наличие не подтверждено,https://online.metro-cc.ru/products/metro-chef-syr-motsarella-dlya-pitstsy-kusok-45-1kg,939 д /шт от 1 шт,939.0,руб/кг,1.0,Пересчёт по указанной в названии массе/объёму
2026-10-05_21-24-47_048716,2026-10-05T13:10:24+03:00,,,METRO,Москва,metro_moscow_leningradskoe_71g,"Москва и область, Ленинградское ш., 71Г",279224,"Сыр Galbani Моцарелла мини 45%, 150г",Молочные продукты и яйца,Сыры,название и продуктовый раздел магазина,Сыры,https://online.metro-cc.ru/category/siry,189.0,/шт,торговый центр,зачёркнутая цена в блоке торгового центра,150г,В наличии,https://online.metro-cc.ru/products/syr-galbani-bokkonchini-motsarella-mini-45-150g,169 д /шт 189 д /шт от 1 шт,1260.0,руб/кг,0.15,Пересчёт по указанной в названии массе/объёму
2026-10-05_21-24-47_048716,2026-10-05T13:10:24+03:00,,,METRO,Москва,metro_moscow_leningradskoe_71g,"Москва и область, Ленинградское ш., 71Г",329809,"Сыр Pretto Моцарелла в воде перлини 45%, 180г",Молочные продукты и яйца,Сыры,название и продуктовый раздел магазина,Сыры,https://online.metro-cc.ru/category/siry,99.9,/шт,торговый центр,цена в блоке торгового центра,180г,В наличии,https://online.metro-cc.ru/products/180g-syr-motsarella-45-pretto-v-vode-perlini-bzmzh,99.90 д /шт от 1 шт,555.0,руб/кг,0.18,Пересчёт по указанной в названии массе/объёму
2026-10-05_21-24-47_048716,2026-10-05T13:10:24+03:00,,,METRO,Москва,metro_moscow_leningradskoe_71g,"Москва и область, Ленинградское ш., 71Г",511294,"Сыр Bonfesto Моцарелла для пиццы 40%, 250г",Молочные продукты и яйца,Сыры,название и продуктовый раздел магазина,Сыры,https://online.metro-cc.ru/category/siry,239.0,/шт,торговый центр,цена в блоке торгового центра,250г,В наличии,https://online.metro-cc.ru/products/mocarella-bonfesto-dlya-piccy-45-250g-bzmzh,239 д /шт от 1 шт,956.0,руб/кг,0.25,Пересчёт по указанной в названии массе/объёму
2026-10-05_21-24-47_048716,2026-10-05T13:10:24+03:00,,,METRO,Москва,metro_moscow_leningradskoe_71g,"Москва и область, Ленинградское ш., 71Г",36834,"Сыр Galbani Моцарелла Tris мягкий 45%, 375г",Молочные продукты и яйца,Сыры,название и продуктовый раздел магазина,Сыры,https://online.metro-cc.ru/category/siry,449.0,/шт,торговый центр,цена в блоке торгового центра,375г,В наличии,https://online.metro-cc.ru/products/syr-galbani-motsarella-tris-myagkiy-45-375g,449 д /шт от 1 шт,1197.33,руб/кг,0.375,Пересчёт по указанной в названии массе/объёму
2026-10-05_21-24-47_048716,2026-10-05T13:10:43+03:00,,,METRO,Москва,metro_moscow_leningradskoe_71g,"Москва и область, Ленинградское ш., 71Г",279912,"Fine Life Тесто слоеное бездрожжевое замороженное, 500г",Замороженные продукты,Прочая заморозка,категория магазина,Замороженные продукты,https://online.metro-cc.ru/category/zamorozhennye-produkty,99.9,/шт,торговый центр,цена в блоке торгового центра,500г,В наличии,https://online.metro-cc.ru/products/fine-life-testo-sloenoe-bezdrozhzhevoe-zamorozhennoe-500g,99.90 д /шт от 1 шт,199.8,руб/кг,0.5,Пересчёт по указанной в названии массе/объёму
2026-10-05_21-24-47_048716,2026-10-05T13:10:43+03:00,,,METRO,Москва,metro_moscow_leningradskoe_71g,"Москва и область, Ленинградское ш., 71Г",279914,"Fine Life Тесто слоеное дрожжевое замороженное, 500г",Замороженные продукты,Прочая заморозка,категория магазина,Замороженные продукты,https://online.metro-cc.ru/category/zamorozhennye-produkty,99.9,/шт,торговый центр,цена в блоке торгового центра,500г,В наличии,https://online.metro-cc.ru/products/fine-life-testo-sloenoe-drozhzhevoe-zamorozhennoe-500g,99.90 д /шт от 1 шт,199.8,руб/кг,0.5,Пересчёт по указанной в названии массе/объёму
2026-10-05_21-24-47_048716,2026-10-05T13:10:43+03:00,,,METRO,Москва,metro_moscow_leningradskoe_71g,"Москва и область, Ленинградское ш., 71Г",133396,"METRO Chef Тесто Фило 11-13шт замороженное, 500г",Замороженные продукты,Прочая заморозка,категория магазина,Замороженные продукты,https://online.metro-cc.ru/category/zamorozhennye-produkty,239.0,/шт,торговый центр,цена в блоке торгового центра,11-13шт; 500г,В наличии,https://online.metro-cc.ru/products/metro-chef-testo-filo-11-13sht-zamorozhennoye-500g,239 д /шт от 1 шт,,,,Мультиупаковка без подтверждённой общей массы
2026-10-05_21-24-47_048716,2026-10-05T13:10:43+03:00,,,METRO,Москва,metro_moscow_leningradskoe_71g,"Москва и область, Ленинградское ш., 71Г",383341,"METRO Chef Тесто слоеное бездрожжевое замороженное, 2кг",Замороженные продукты,Прочая заморозка,категория магазина,Замороженные продукты,https://online.metro-cc.ru/category/zamorozhennye-produkty,389.0,/шт,торговый центр,цена в блоке торгового центра,2кг,В наличии,https://online.metro-cc.ru/products/metro-chef-testo-sloyenoye-bezdrozhzhevoye-zamorozhennoye-2kg,389 д /шт от 1 шт,194.5,руб/кг,2.0,Пересчёт по указанной в названии массе/объёму
2026-10-05_21-24-47_048716,2026-10-05T13:10:43+03:00,,,METRO,Москва,metro_moscow_leningradskoe_71g,"Москва и область, Ленинградское ш., 71Г",130097,"METRO Chef Штрудель яблочный 8 порций замороженный, 1.2кг",Замороженные продукты,Прочая заморозка,категория магазина,Замороженные продукты,https://online.metro-cc.ru/category/zamorozhennye-produkty,899.0,/шт,торговый центр,цена в блоке торгового центра,1.2кг,В наличии,https://online.metro-cc.ru/products/1200g-shtrudel-metro-chef-yablochnyj-8-porc,899 д /шт от 1 шт,749.17,руб/кг,1.2,Пересчёт по указанной в названии массе/объёму
2026-10-05_21-24-47_048716,2026-10-05T13:10:43+03:00,,,METRO,Москва,metro_moscow_leningradskoe_71g,"Москва и область, Ленинградское ш., 71Г",135402,"METRO Chef Чизкейк клубничный Элитный замороженный 12 порций, 1.4кг",Замороженные продукты,Прочая заморозка,категория магазина,Замороженные продукты,https://online.metro-cc.ru/category/zamorozhennye-produkty,2149.01,/шт,торговый центр,цена в блоке торгового центра,1.4кг,В наличии,https://online.metro-cc.ru/products/metro-chef-chizkejk-klubnichnyj-elitnyj-12-porcij-1400g,2 149.01 д /шт от 1 шт,1535.01,руб/кг,1.4,Пересчёт по указанной в названии массе/объёму
2026-10-05_21-24-47_048716,2026-10-05T13:10:43+03:00,,,METRO,Москва,metro_moscow_leningradskoe_71g,"Москва и область, Ленинградское ш., 71Г",429068,"Вишня Agama без косточек замороженная, 300г",Замороженные продукты,Прочая заморозка,категория магазина,Замороженные продукты,https://online.metro-cc.ru/category/zamorozhennye-produkty,329.0,/шт,торговый центр,цена в блоке торгового центра,300г,В наличии,https://online.metro-cc.ru/products/vishnya-agama-bez-kostochek-zamorozhennaya-300g,329 д /шт от 1 шт,1096.67,руб/кг,0.3,Пересчёт по указанной в названии массе/объёму
2026-10-05_21-24-47_048716,2026-10-05T13:10:43+03:00,,,METRO,Москва,metro_moscow_leningradskoe_71g,"Москва и область, Ленинградское ш., 71Г",529172,"Клубника Мираторг замороженная, 300г",Овощи и фрукты,Ягоды,название,Замороженные продукты,https://online.metro-cc.ru/category/zamorozhennye-produkty,219.0,/шт,торговый центр,цена в блоке торгового центра,300г,В наличии,https://online.metro-cc.ru/products/klubnika-miratorg-zamorozhennaya-300g,219 д /шт от 1 шт,730.0,руб/кг,0.3,Пересчёт по указанной в названии массе/объёму
2026-10-05_21-24-47_048716,2026-10-05T13:10:43+03:00,,,METRO,Москва,metro_moscow_leningradskoe_71g,"Москва и область, Ленинградское ш., 71Г",115659,"METRO Chef Клубника быстрозамороженная, 300г",Овощи и фрукты,Ягоды,название,Замороженные продукты,https://online.metro-cc.ru/category/zamorozhennye-produkty,138.99,/шт,торговый центр,цена в блоке торгового центра,300г,В наличии,https://online.metro-cc.ru/products/klubnika-metro-chef-300g,138.99 д /шт от 1 шт,463.3,руб/кг,0.3,Пересчёт по указанной в названии массе/объёму
2026-10-05_21-24-47_048716,2026-10-05T13:10:43+03:00,,,METRO,Москва,metro_moscow_leningradskoe_71g,"Москва и область, Ленинградское ш., 71Г",276122,"METRO Chef Вишня без косточки замороженная, 1кг",Замороженные продукты,Прочая заморозка,категория магазина,Замороженные продукты,https://online.metro-cc.ru/category/zamorozhennye-produkty,969.0,/шт,торговый центр,цена в блоке торгового центра,1кг,В наличии,https://online.metro-cc.ru/products/metro-chef-vishnya-bez-kostochki-zamorozhennaya-1kg,969 д /шт от 1 шт,969.0,руб/кг,1.0,Пересчёт по указанной в названии массе/объёму
2026-10-05_21-24-47_048716,2026-10-05T13:10:43+03:00,,,METRO,Москва,metro_moscow_leningradskoe_71g,"Москва и область, Ленинградское ш., 71Г",115661,"METRO Chef Ежевика замороженная, 300г",Замороженные продукты,Прочая заморозка,категория магазина,Замороженные продукты,https://online.metro-cc.ru/category/zamorozhennye-produkty,209.0,/шт,торговый центр,цена в блоке торгового центра,300г,Наличие не подтверждено,https://online.metro-cc.ru/products/ezhevika-metro-chef-300g,209 д /шт от 1 шт,696.67,руб/кг,0.3,Пересчёт по указанной в названии массе/объёму
2026-10-05_21-24-47_048716,2026-10-05T13:10:43+03:00,,,METRO,Москва,metro_moscow_leningradskoe_71g,"Москва и область, Ленинградское ш., 71Г",514230,"METRO Chef Клубника замороженная, 2.5кг",Овощи и фрукты,Ягоды,название,Замороженные продукты,https://online.metro-cc.ru/category/zamorozhennye-produkty,999.0,/шт,торговый центр,цена в блоке торгового центра,2.5кг,В наличии,https://online.metro-cc.ru/products/klubnika-metro-chef-25kg,999 д /шт от 1 шт,399.6,руб/кг,2.5,Пересчёт по указанной в названии массе/объёму
2026-10-05_21-24-47_048716,2026-10-05T13:10:43+03:00,,,METRO,Москва,metro_moscow_leningradskoe_71g,"Москва и область, Ленинградское ш., 71Г",299822,"Треска филе Borealis спинка без кожи без костей замороженная, 350г",Рыба и морепродукты,Рыба,название,Замороженные продукты,https://online.metro-cc.ru/category/zamorozhennye-produkty,999.0,/шт,торговый центр,цена в блоке торгового центра,350г,В наличии,https://online.metro-cc.ru/products/treska-file-borealis-spinka-bez-kozhi-bez-kostey-zamorozhennaya-350g,999 д /шт от 1 шт,2854.29,руб/кг,0.35,Пересчёт по указанной в названии массе/объёму
2026-10-05_21-24-47_048716,2026-10-05T13:10:43+03:00,,,METRO,Москва,metro_moscow_leningradskoe_71g,"Москва и область, Ленинградское ш., 71Г",122623,"METRO Chef Кольца кальмара в панировке замороженные, 1кг",Рыба и морепродукты,Морепродукты,название,Замороженные продукты,https://online.metro-cc.ru/category/zamorozhennye-produkty,1129.0,/шт,торговый центр,цена в блоке торгового центра,1кг,В наличии,https://online.metro-cc.ru/products/1kg-kolca-kalmara-metro-chef-v-panirovke,1 129 д /шт от 1 шт,1129.0,руб/кг,1.0,Пересчёт по указанной в названии массе/объёму
2026-10-05_21-24-47_048716,2026-10-05T13:10:43+03:00,,,METRO,Москва,metro_moscow_leningradskoe_71g,"Москва и область, Ленинградское ш., 71Г",96496,"METRO Chef Морской гребешок Филе 80/100 замороженный, 1кг",Рыба и морепродукты,Морепродукты,название,Замороженные продукты,https://online.metro-cc.ru/category/zamorozhennye-produkty,1499.0,/шт,торговый центр,зачёркнутая цена в блоке торгового центра,1кг,В наличии,https://online.metro-cc.ru/products/morskoj-grebeshok-metro-chef-file-1-kg,1 069 д /шт 1 499 д /шт от 1 шт,1499.0,руб/кг,1.0,Пересчёт по указанной в названии массе/объёму
2026-10-05_21-24-47_048716,2026-10-05T13:10:43+03:00,,,METRO,Москва,metro_moscow_leningradskoe_71g,"Москва и область, Ленинградское ш., 71Г",628223,"METRO Chef Креветки пёстрые коктейльные 100/200 очищенные варено-мороженые, 1кг 1кг",Алкоголь,Коктейли и винные напитки,название,Замороженные продукты,https://online.metro-cc.ru/category/zamorozhennye-produkty,1399.0,/шт,торговый центр,цена в блоке торгового центра,1кг; 1кг,В наличии,https://online.metro-cc.ru/products/metro-chef-krevetki-pyostrye-kokteylnye-100-200-ochischennye-vareno-morozhenye-1kg,1 399 д /шт от 1 шт,,,,Нет однозначной массы/объёма упаковки
2026-10-05_21-24-47_048716,2026-10-05T13:10:43+03:00,,,METRO,Москва,metro_moscow_leningradskoe_71g,"Москва и область, Ленинградское ш., 71Г",108868,"Щеки Мираторг говяжьи замороженные, ~800г",Мясо и птица,Говядина,название,Замороженные продукты,https://online.metro-cc.ru/category/zamorozhennye-produkty,1979.0,/кг,торговый центр,цена в блоке торгового центра,~800г,В наличии,https://online.metro-cc.ru/products/scheki-govyazhyi-miratorg,1 979 д /кг от 1 кг,1979.0,руб/кг,1.0,Источник уже указывает цену за кг/л; в корзине 1 кг/л
2026-10-05_21-24-47_048716,2026-10-05T13:10:43+03:00,,,METRO,Москва,metro_moscow_leningradskoe_71g,"Москва и область, Ленинградское ш., 71Г",630644,"Фарш говяжий Primebeef 80/20 замороженный, 500г",Мясо и птица,Фарш,название,Замороженные продукты,https://online.metro-cc.ru/category/zamorozhennye-produkty,619.0,/шт,торговый центр,зачёркнутая цена в блоке торгового центра,500г,В наличии,https://online.metro-cc.ru/products/farsh-govyazhiy-primebeef-80-20-zamorozhenniy-500g,588.01 д /шт 619 д /шт от 1 шт,1238.0,руб/кг,0.5,Пересчёт по указанной в названии массе/объёму
2026-10-05_21-24-47_048716,2026-10-05T13:10:43+03:00,,,METRO,Москва,metro_moscow_leningradskoe_71g,"Москва и область, Ленинградское ш., 71Г",124380,"Фарш Мираторг говяжий 70% замороженный, 2кг",Мясо и птица,Фарш,название,Замороженные продукты,https://online.metro-cc.ru/category/zamorozhennye-produkty,1841.0,/шт,торговый центр,зачёркнутая цена в блоке торгового центра,2кг,В наличии,https://online.metro-cc.ru/products/2kg-miratorg-govyazhij-70-zam-tf-4,1 748 д /шт 1 841 д /шт от 1 шт,920.5,руб/кг,2.0,Пересчёт по указанной в названии массе/объёму
2026-10-05_21-24-47_048716,2026-10-05T13:10:43+03:00,,,METRO,Москва,metro_moscow_leningradskoe_71g,"Москва и область, Ленинградское ш., 71Г",606976,"Бургер Мираторг Классический замороженный, 900г",Замороженные продукты,Прочая заморозка,категория магазина,Замороженные продукты,https://online.metro-cc.ru/category/zamorozhennye-produkty,899.0,/шт,торговый центр,цена в блоке торгового центра,900г,В наличии,https://online.metro-cc.ru/products/burger-miratorg-tf-klassicheskij-zamorozhennyj-900g,899 д /шт от 1 шт,998.89,руб/кг,0.9,Пересчёт по указанной в названии массе/объёму
2026-10-05_21-24-47_048716,2026-10-05T13:10:43+03:00,,,METRO,Москва,metro_moscow_leningradskoe_71g,"Москва и область, Ленинградское ш., 71Г",127490,"Ножки кролика Кролъ и К замороженные, ~600г",Мясо и птица,Баранина и прочее мясо,название,Замороженные продукты,https://online.metro-cc.ru/category/zamorozhennye-produkty,1139.01,/кг,торговый центр,цена в блоке торгового центра,~600г,В наличии,https://online.metro-cc.ru/products/nozhki-k-zamorozhennye-v-vakuumnoj-upakovke,1 139.01 д /кг от 1 кг,1139.01,руб/кг,1.0,Источник уже указывает цену за кг/л; в корзине 1 кг/л
2026-10-05_21-24-47_048716,2026-10-05T13:10:43+03:00,,,METRO,Москва,metro_moscow_leningradskoe_71g,"Москва и область, Ленинградское ш., 71Г",50737,"Голяшка Мираторг говяжья без кости замороженная, ~2кг",Мясо и птица,Говядина,название,Замороженные продукты,https://online.metro-cc.ru/category/zamorozhennye-produkty,1099.0,/кг,торговый центр,цена в блоке торгового центра,~2кг,Наличие не подтверждено,https://online.metro-cc.ru/products/golyashka-govyazhya-b-k-miratorg,1 099 д /кг от 1 кг,1099.0,руб/кг,1.0,Источник уже указывает цену за кг/л; в корзине 1 кг/л
2026-10-05_21-24-47_048716,2026-10-05T13:10:43+03:00,,,METRO,Москва,metro_moscow_leningradskoe_71g,"Москва и область, Ленинградское ш., 71Г",520503,"Тушка перепела Qegg Премиум замороженная, ~700г",Замороженные продукты,Прочая заморозка,категория магазина,Замороженные продукты,https://online.metro-cc.ru/category/zamorozhennye-produkty,989.0,/кг,торговый центр,цена в блоке торгового центра,~700г,Наличие не подтверждено,https://online.metro-cc.ru/products/tushka-perepela-premium-qegg,989 д /кг от 1 кг,989.0,руб/кг,1.0,Источник уже указывает цену за кг/л; в корзине 1 кг/л
2026-10-05_21-24-47_048716,2026-10-05T13:10:43+03:00,,,METRO,Москва,metro_moscow_leningradskoe_71g,"Москва и область, Ленинградское ш., 71Г",244430,"Филе грудки утенка Озёрка замороженное, ~500г",Замороженные продукты,Прочая заморозка,категория магазина,Замороженные продукты,https://online.metro-cc.ru/category/zamorozhennye-produkty,1049.0,/кг,торговый центр,цена в блоке торгового центра,~500г,Наличие не подтверждено,https://online.metro-cc.ru/products/500g-file-grudki-utenka-ozerka-vu-zam,1 049 д /кг от 1 кг,1049.0,руб/кг,1.0,Источник уже указывает цену за кг/л; в корзине 1 кг/л
2026-10-05_21-24-47_048716,2026-10-05T13:10:43+03:00,,,METRO,Москва,metro_moscow_leningradskoe_71g,"Москва и область, Ленинградское ш., 71Г",251413,"METRO Chef Тушка перепела замороженная, 420г",Замороженные продукты,Прочая заморозка,категория магазина,Замороженные продукты,https://online.metro-cc.ru/category/zamorozhennye-produkty,499.0,/шт,торговый центр,цена в блоке торгового центра,420г,В наличии,https://online.metro-cc.ru/products/420g-perepel-tushka-metro-chef-zam,499 д /шт от 1 шт,1188.1,руб/кг,0.42,Пересчёт по указанной в названии массе/объёму
2026-10-05_21-24-47_048716,2026-10-05T13:10:43+03:00,,,METRO,Москва,metro_moscow_leningradskoe_71g,"Москва и область, Ленинградское ш., 71Г",293004,"Крыло цыпленка-бройлера Фабрика птицы Халяль целое замороженное, 2.5кг",Замороженные продукты,Прочая заморозка,категория магазина,Замороженные продукты,https://online.metro-cc.ru/category/zamorozhennye-produkty,1139.01,/шт,торговый центр,цена в блоке торгового центра,2.5кг,Наличие не подтверждено,https://online.metro-cc.ru/products/25kg-krylo-tsb-fabrika-ptitsy-tseloe-halyal-zam,1 139.01 д /шт от 1 шт,455.6,руб/кг,2.5,Пересчёт по указанной в названии массе/объёму
2026-10-05_21-24-47_048716,2026-10-05T13:10:43+03:00,,,METRO,Москва,metro_moscow_leningradskoe_71g,"Москва и область, Ленинградское ш., 71Г",293003,"Крыло цыпленка-бройлера Фабрика птицы Халяль плечо-локоть замороженное, 2.5кг",Замороженные продукты,Прочая заморозка,категория магазина,Замороженные продукты,https://online.metro-cc.ru/category/zamorozhennye-produkty,1219.0,/шт,торговый центр,цена в блоке торгового центра,2.5кг,Наличие не подтверждено,https://online.metro-cc.ru/products/25kg-krylo-tsb-fabrika-ptitsy-plecholokot-halyal-zam,1 219 д /шт от 1 шт,487.6,руб/кг,2.5,Пересчёт по указанной в названии массе/объёму
2026-10-05_21-24-47_048716,2026-10-05T13:10:43+03:00,,,METRO,Москва,metro_moscow_leningradskoe_71g,"Москва и область, Ленинградское ш., 71Г",608625,"Мясо перепела Qegg для жаркого бескостное замороженное, 500г",Замороженные продукты,Прочая заморозка,категория магазина,Замороженные продукты,https://online.metro-cc.ru/category/zamorozhennye-produkty,1089.0,/шт,торговый центр,цена в блоке торгового центра,500г,В наличии,https://online.metro-cc.ru/products/perepel-qegg-b-500g,1 089 д /шт от 1 шт,2178.0,руб/кг,0.5,Пересчёт по указанной в названии массе/объёму
2026-10-05_21-24-47_048716,2026-10-05T13:10:43+03:00,,,METRO,Москва,metro_moscow_leningradskoe_71g,"Москва и область, Ленинградское ш., 71Г",128825,"METRO Chef Вареники с картофелем и грибами замороженные, 800г",Готовая еда и полуфабрикаты,Пельмени и вареники,название,Замороженные продукты,https://online.metro-cc.ru/category/zamorozhennye-produkty,269.02,/шт,торговый центр,цена в блоке торгового центра,800г,В наличии,https://online.metro-cc.ru/products/metro-chef-vareniki-s-kartofelem-i-gribami-zamorozhennyye-800g,269.02 д /шт от 1 шт,336.28,руб/кг,0.8,Пересчёт по указанной в названии массе/объёму
2026-10-05_21-24-47_048716,2026-10-05T13:10:43+03:00,,,METRO,Москва,metro_moscow_leningradskoe_71g,"Москва и область, Ленинградское ш., 71Г",231268,"METRO Chef Фрикадельки мясные замороженные, 1кг",Замороженные продукты,Прочая заморозка,категория магазина,Замороженные продукты,https://online.metro-cc.ru/category/zamorozhennye-produkty,899.0,/шт,торговый центр,цена в блоке торгового центра,1кг,Наличие не подтверждено,https://online.metro-cc.ru/products/1kg-frikadelki-metro-chef-myasnye-zamorozhennye,899 д /шт от 1 шт,899.0,руб/кг,1.0,Пересчёт по указанной в названии массе/объёму
2026-10-05_21-24-47_048716,2026-10-05T13:10:55+03:00,,,METRO,Москва,metro_moscow_leningradskoe_71g,"Москва и область, Ленинградское ш., 71Г",210854,"Колбаса Черкизово Премиум Сальчичон сырокопченая срез, 300г",Мясо и птица,Колбасы и сосиски,название и продуктовый раздел магазина,"Колбаса, мясные деликатесы",https://online.metro-cc.ru/category/myasnye-delikatesy,559.0,/шт,торговый центр,цена в блоке торгового центра,300г,Наличие не подтверждено,https://online.metro-cc.ru/products/300g-kolbasa-salchichon-cherkizovo-sk-srez-vu,559 д /шт от 1 шт,1863.33,руб/кг,0.3,Пересчёт по указанной в названии массе/объёму
2026-10-05_21-24-47_048716,2026-10-05T13:10:55+03:00,,,METRO,Москва,metro_moscow_leningradskoe_71g,"Москва и область, Ленинградское ш., 71Г",252891,"Колбаса Велком Римини-салями-сальчичон сырокопченый нарезка, 90г",Мясо и птица,Колбасы и сосиски,название и продуктовый раздел магазина,"Колбаса, мясные деликатесы",https://online.metro-cc.ru/category/myasnye-delikatesy,189.0,/шт,торговый центр,зачёркнутая цена в блоке торгового центра,90г,В наличии,https://online.metro-cc.ru/products/90g-kolbasa-riminisalyamisalchichon-velkom-sk-nar,149 д /шт 189 д /шт от 1 шт,2100.0,руб/кг,0.09,Пересчёт по указанной в названии массе/объёму
2026-10-05_21-24-47_048716,2026-10-05T13:10:55+03:00,,,METRO,Москва,metro_moscow_leningradskoe_71g,"Москва и область, Ленинградское ш., 71Г",484683,"Ветчина Империя вкуса с индейкой, 800г",Мясо и птица,Ветчина и деликатесы,название и продуктовый раздел магазина,"Колбаса, мясные деликатесы",https://online.metro-cc.ru/category/myasnye-delikatesy,559.0,/шт,торговый центр,зачёркнутая цена в блоке торгового центра,800г,В наличии,https://online.metro-cc.ru/products/vetchina-cherkizovo-imperiya-vkusa-s-indeykoy-800g-484683,389 д /шт 559 д /шт от 1 шт,698.75,руб/кг,0.8,Пересчёт по указанной в названии массе/объёму
2026-10-05_21-24-47_048716,2026-10-05T13:10:55+03:00,,,METRO,Москва,metro_moscow_leningradskoe_71g,"Москва и область, Ленинградское ш., 71Г",569290,"Колбаса Папа Может Сервелат Финский варено-копченая, 840г",Мясо и птица,Колбасы и сосиски,название и продуктовый раздел магазина,"Колбаса, мясные деликатесы",https://online.metro-cc.ru/category/myasnye-delikatesy,699.01,/шт,торговый центр,зачёркнутая цена в блоке торгового центра,840г,В наличии,https://online.metro-cc.ru/products/papa-mozhet-servelat-finskij-vareno-840g,449 д /шт 699.01 д /шт от 1 шт,832.15,руб/кг,0.84,Пересчёт по указанной в названии массе/объёму
2026-10-05_21-24-47_048716,2026-10-05T13:10:55+03:00,,,METRO,Москва,metro_moscow_leningradskoe_71g,"Москва и область, Ленинградское ш., 71Г",573819,"Колбаса Папа Может Сервелат Домашний варено-копченая, 840г",Мясо и птица,Колбасы и сосиски,название и продуктовый раздел магазина,"Колбаса, мясные деликатесы",https://online.metro-cc.ru/category/myasnye-delikatesy,639.0,/шт,торговый центр,зачёркнутая цена в блоке торгового центра,840г,В наличии,https://online.metro-cc.ru/products/servelat-ostankino-rossijskij-vareno-v-vakuumnoj-upakovke-840-g,399 д /шт 639 д /шт от 1 шт,760.71,руб/кг,0.84,Пересчёт по указанной в названии массе/объёму
2026-10-05_21-24-47_048716,2026-10-05T13:10:55+03:00,,,METRO,Москва,metro_moscow_leningradskoe_71g,"Москва и область, Ленинградское ш., 71Г",127799,"Сосиски Вязанка Молокуши, 450г",Мясо и птица,Колбасы и сосиски,название и продуктовый раздел магазина,"Колбаса, мясные деликатесы",https://online.metro-cc.ru/category/myasnye-delikatesy,329.0,/шт,торговый центр,зачёркнутая цена в блоке торгового центра,450г,В наличии,https://online.metro-cc.ru/products/vyazanka-molokushi-450g,199 д /шт 329 д /шт от 1 шт,731.11,руб/кг,0.45,Пересчёт по указанной в названии массе/объёму
2026-10-05_21-24-47_048716,2026-10-05T13:10:55+03:00,,,METRO,Москва,metro_moscow_leningradskoe_71g,"Москва и область, Ленинградское ш., 71Г",118440,"Сосиски Черкизово Копченые по-черкизовски, 400г",Мясо и птица,Колбасы и сосиски,название и продуктовый раздел магазина,"Колбаса, мясные деликатесы",https://online.metro-cc.ru/category/myasnye-delikatesy,265.0,/шт,торговый центр,зачёркнутая цена в блоке торгового центра,400г,Наличие не подтверждено,https://online.metro-cc.ru/products/400g-cherkizovo-kopchenye,169 д /шт 265 д /шт от 1 шт,662.5,руб/кг,0.4,Пересчёт по указанной в названии массе/объёму
2026-10-05_21-24-47_048716,2026-10-05T13:10:55+03:00,,,METRO,Москва,metro_moscow_leningradskoe_71g,"Москва и область, Ленинградское ш., 71Г",257274,"Сосиски Черкизово Премиум бременские с сыром, 336г",Мясо и птица,Колбасы и сосиски,название и продуктовый раздел магазина,"Колбаса, мясные деликатесы",https://online.metro-cc.ru/category/myasnye-delikatesy,249.0,/шт,торговый центр,зачёркнутая цена в блоке торгового центра,336г,Наличие не подтверждено,https://online.metro-cc.ru/products/336g-sosiski-cherkizovo-premium-bremenskie-s-syrom,179 д /шт 249 д /шт от 1 шт,741.07,руб/кг,0.336,Пересчёт по указанной в названии массе/объёму
2026-10-05_21-24-47_048716,2026-10-05T13:10:55+03:00,,,METRO,Москва,metro_moscow_leningradskoe_71g,"Москва и область, Ленинградское ш., 71Г",281833,"Сосиски Велком Классические, 440г",Мясо и птица,Колбасы и сосиски,название и продуктовый раздел магазина,"Колбаса, мясные деликатесы",https://online.metro-cc.ru/category/myasnye-delikatesy,359.0,/шт,торговый центр,цена в блоке торгового центра,440г,В наличии,https://online.metro-cc.ru/products/sosiski-velkom-klassicheskie-440g,359 д /шт от 1 шт,815.91,руб/кг,0.44,Пересчёт по указанной в названии массе/объёму
2026-10-05_21-24-47_048716,2026-10-05T13:10:55+03:00,,,METRO,Москва,metro_moscow_leningradskoe_71g,"Москва и область, Ленинградское ш., 71Г",258417,"Сосиски Останкино Рубленые вареные, 360г",Мясо и птица,Колбасы и сосиски,название и продуктовый раздел магазина,"Колбаса, мясные деликатесы",https://online.metro-cc.ru/category/myasnye-delikatesy,379.01,/шт,торговый центр,цена в блоке торгового центра,360г,В наличии,https://online.metro-cc.ru/products/360g-sosiski-rublenye-ostankino-varenye,379.01 д /шт от 1 шт,1052.81,руб/кг,0.36,Пересчёт по указанной в названии массе/объёму
2026-10-05_21-24-47_048716,2026-10-05T13:10:55+03:00,,,METRO,Москва,metro_moscow_leningradskoe_71g,"Москва и область, Ленинградское ш., 71Г",254842,"Окорок свиной Егорьевская фабрика Тамбовский варено-копченый ГОСТ, 300г",Мясо и птица,Свинина,название и продуктовый раздел магазина,"Колбаса, мясные деликатесы",https://online.metro-cc.ru/category/myasnye-delikatesy,499.0,/шт,торговый центр,цена в блоке торгового центра,300г,В наличии,https://online.metro-cc.ru/products/300g-okorok-svinoy-egorevskaya-tambovskiy-vk-gost-vu,499 д /шт от 1 шт,1663.33,руб/кг,0.3,Пересчёт по указанной в названии массе/объёму
2026-10-05_21-24-47_048716,2026-10-05T13:10:55+03:00,,,METRO,Москва,metro_moscow_leningradskoe_71g,"Москва и область, Ленинградское ш., 71Г",290866,"Шейка свиная Егорьевская фабрика По-Егорьевски копчено-вареная нарезка, 115г",Мясо и птица,Свинина,название и продуктовый раздел магазина,"Колбаса, мясные деликатесы",https://online.metro-cc.ru/category/myasnye-delikatesy,229.01,/шт,торговый центр,цена в блоке торгового центра,115г,В наличии,https://online.metro-cc.ru/products/115g-sheyka-egorevskaya-fabrika-po-egorevski-kv-narezka,229.01 д /шт от 1 шт,1991.39,руб/кг,0.115,Пересчёт по указанной в названии массе/объёму
2026-10-05_21-24-47_048716,2026-10-05T13:10:55+03:00,,,METRO,Москва,metro_moscow_leningradskoe_71g,"Москва и область, Ленинградское ш., 71Г",437678,"Балык свиной Егорьевская фабрика по-Егорьевски сырокопченый, 115г",Мясо и птица,Ветчина и деликатесы,название и продуктовый раздел магазина,"Колбаса, мясные деликатесы",https://online.metro-cc.ru/category/myasnye-delikatesy,285.0,/шт,торговый центр,цена в блоке торгового центра,115г,В наличии,https://online.metro-cc.ru/products/balyk-svinoj-po-egoryevski-115g,285 д /шт от 1 шт,2478.26,руб/кг,0.115,Пересчёт по указанной в названии массе/объёму
2026-10-05_21-24-47_048716,2026-10-05T13:10:55+03:00,,,METRO,Москва,metro_moscow_leningradskoe_71g,"Москва и область, Ленинградское ш., 71Г",81131,"Хамон El Artesano сыровяленый выдержанный, 70г",Мясо и птица,Прочее мясо,категория магазина,"Колбаса, мясные деликатесы",https://online.metro-cc.ru/category/myasnye-delikatesy,459.0,/шт,торговый центр,зачёркнутая цена в блоке торгового центра,70г,В наличии,https://online.metro-cc.ru/products/hamon-syrovyalenyj-el-parador-70-g,369 д /шт 459 д /шт от 1 шт,6557.14,руб/кг,0.07,Пересчёт по указанной в названии массе/объёму
2026-10-05_21-24-47_048716,2026-10-05T13:10:55+03:00,,,METRO,Москва,metro_moscow_leningradskoe_71g,"Москва и область, Ленинградское ш., 71Г",279249,"Карбонад Останкино варено-копченый нарезка, 150г",Мясо и птица,Ветчина и деликатесы,название и продуктовый раздел магазина,"Колбаса, мясные деликатесы",https://online.metro-cc.ru/category/myasnye-delikatesy,219.0,/шт,торговый центр,зачёркнутая цена в блоке торгового центра,150г,Наличие не подтверждено,https://online.metro-cc.ru/products/karbonad-yubilejnyj-ostankino-narezka-150g,159 д /шт 219 д /шт от 1 шт,1460.0,руб/кг,0.15,Пересчёт по указанной в названии массе/объёму
2026-10-05_21-24-47_048716,2026-10-05T13:10:55+03:00,,,METRO,Москва,metro_moscow_leningradskoe_71g,"Москва и область, Ленинградское ш., 71Г",468220,"Паштет Setra Халяль куриный, 100г",Мясо и птица,Птица,название и продуктовый раздел магазина,"Колбаса, мясные деликатесы",https://online.metro-cc.ru/category/myasnye-delikatesy,169.0,/шт,торговый центр,цена в блоке торгового центра,100г,В наличии,https://online.metro-cc.ru/products/pashtet-setra-khalyal-kuriniy-100g,169 д /шт от 1 шт,1690.0,руб/кг,0.1,Пересчёт по указанной в названии массе/объёму
2026-10-05_21-24-47_048716,2026-10-05T13:10:55+03:00,,,METRO,Москва,metro_moscow_leningradskoe_71g,"Москва и область, Ленинградское ш., 71Г",468221,"Паштет Setra Халяль из индейки, 100г",Мясо и птица,Птица,название и продуктовый раздел магазина,"Колбаса, мясные деликатесы",https://online.metro-cc.ru/category/myasnye-delikatesy,169.0,/шт,торговый центр,цена в блоке торгового центра,100г,В наличии,https://online.metro-cc.ru/products/pashtet-setra-iz-indejki-100-g-468221,169 д /шт от 1 шт,1690.0,руб/кг,0.1,Пересчёт по указанной в названии массе/объёму
2026-10-05_21-24-47_048716,2026-10-05T13:10:55+03:00,,,METRO,Москва,metro_moscow_leningradskoe_71g,"Москва и область, Ленинградское ш., 71Г",468219,"Паштет Setra Халяль из куриной печени, 100г",Мясо и птица,Птица,название и продуктовый раздел магазина,"Колбаса, мясные деликатесы",https://online.metro-cc.ru/category/myasnye-delikatesy,169.0,/шт,торговый центр,цена в блоке торгового центра,100г,В наличии,https://online.metro-cc.ru/products/pashtet-setra-khalyal-iz-kurinoy-pecheni-100g-468219,169 д /шт от 1 шт,1690.0,руб/кг,0.1,Пересчёт по указанной в названии массе/объёму
2026-10-05_21-24-47_048716,2026-10-05T13:10:55+03:00,,,METRO,Москва,metro_moscow_leningradskoe_71g,"Москва и область, Ленинградское ш., 71Г",262641,"Паштет Setra куриный с вялеными томатами, 100г",Мясо и птица,Птица,название и продуктовый раздел магазина,"Колбаса, мясные деликатесы",https://online.metro-cc.ru/category/myasnye-delikatesy,179.0,/шт,торговый центр,зачёркнутая цена в блоке торгового центра,100г,В наличии,https://online.metro-cc.ru/products/100g-pashtet-setra-kurinyy-s-vyalenymi-tomatami,129 д /шт 179 д /шт от 1 шт,1790.0,руб/кг,0.1,Пересчёт по указанной в названии массе/объёму
2026-10-05_21-24-47_048716,2026-10-05T13:10:55+03:00,,,METRO,Москва,metro_moscow_leningradskoe_71g,"Москва и область, Ленинградское ш., 71Г",489521,"Паштет Setra Халяль утиный, 100г",Мясо и птица,Птица,название и продуктовый раздел магазина,"Колбаса, мясные деликатесы",https://online.metro-cc.ru/category/myasnye-delikatesy,169.0,/шт,торговый центр,зачёркнутая цена в блоке торгового центра,100г,В наличии,https://online.metro-cc.ru/products/pashtet-setra-utinyj-100-g-489521,149 д /шт 169 д /шт от 1 шт,1690.0,руб/кг,0.1,Пересчёт по указанной в названии массе/объёму
2026-10-05_21-24-47_048716,2026-10-05T20:54:40+03:00,,,METRO,Москва,metro_moscow_leningradskoe_71g,"Москва и область, Ленинградское ш., 71Г",90675,"Колбаса Черкизово Премиум Молочная вареная, 400г",Мясо и птица,Колбасы и сосиски,название и продуктовый раздел магазина,"Колбаса, мясные деликатесы",https://online.metro-cc.ru/category/myasnye-delikatesy,289.0,/шт,торговый центр,зачёркнутая цена в блоке торгового центра,400г,Наличие не подтверждено,https://online.metro-cc.ru/products/400g-kolbasa-molochnaya-cherkizovo-premium-var,179 д /шт 289 д /шт от 1 шт,722.5,руб/кг,0.4,Пересчёт по указанной в названии массе/объёму
2026-10-05_21-24-47_048716,2026-10-05T20:54:40+03:00,,,METRO,Москва,metro_moscow_leningradskoe_71g,"Москва и область, Ленинградское ш., 71Г",111571,"Колбаса Черкизово Варшавская Традиционная полукопченая, 350г",Мясо и птица,Колбасы и сосиски,название и продуктовый раздел магазина,"Колбаса, мясные деликатесы",https://online.metro-cc.ru/category/myasnye-delikatesy,229.0,/шт,торговый центр,зачёркнутая цена в блоке торгового центра,350г,В наличии,https://online.metro-cc.ru/products/kolbasa-polukopchenaya-cherkizovo-varshavskaya-tradicionnaya-350-g,139 д /шт 229 д /шт от 1 шт,654.29,руб/кг,0.35,Пересчёт по указанной в названии массе/объёму
2026-10-05_21-24-47_048716,2026-10-05T20:54:40+03:00,,,METRO,Москва,metro_moscow_leningradskoe_71g,"Москва и область, Ленинградское ш., 71Г",233206,"Колбаса Индилайт Халяль Sabroso Monte сыровяленая нарезка, 70г",Мясо и птица,Колбасы и сосиски,название и продуктовый раздел магазина,"Колбаса, мясные деликатесы",https://online.metro-cc.ru/category/myasnye-delikatesy,219.0,/шт,торговый центр,зачёркнутая цена в блоке торгового центра,70г,В наличии,https://online.metro-cc.ru/products/70g-kolbasa-indilayt-sabroso-monte-sv-narezka,149 д /шт 219 д /шт от 1 шт,3128.57,руб/кг,0.07,Пересчёт по указанной в названии массе/объёму
2026-10-05_21-24-47_048716,2026-10-05T20:54:40+03:00,,,METRO,Москва,metro_moscow_leningradskoe_71g,"Москва и область, Ленинградское ш., 71Г",351798,"Колбаса Велком Докторская вареная, 620г",Мясо и птица,Колбасы и сосиски,название и продуктовый раздел магазина,"Колбаса, мясные деликатесы",https://online.metro-cc.ru/category/myasnye-delikatesy,549.0,/шт,торговый центр,зачёркнутая цена в блоке торгового центра,620г,В наличии,https://online.metro-cc.ru/products/kolbasa-velkom-doktorskaya-varenaya-620g-351798,339 д /шт 549 д /шт от 1 шт,885.48,руб/кг,0.62,Пересчёт по указанной в названии массе/объёму
2026-10-05_21-24-47_048716,2026-10-05T20:54:40+03:00,,,METRO,Москва,metro_moscow_leningradskoe_71g,"Москва и область, Ленинградское ш., 71Г",234923,"Колбаски Мясницкий ряд Kabanos бекон сырокопченые, 200г",Мясо и птица,Колбасы и сосиски,название и продуктовый раздел магазина,"Колбаса, мясные деликатесы",https://online.metro-cc.ru/category/myasnye-delikatesy,299.0,/шт,торговый центр,зачёркнутая цена в блоке торгового центра,200г,В наличии,https://online.metro-cc.ru/products/kolbaski-myasnitskiy-ryad-kabanos-bekon-syrokopchenye-200g,219 д /шт 299 д /шт от 1 шт,1495.0,руб/кг,0.2,Пересчёт по указанной в названии массе/объёму
2026-10-05_21-24-47_048716,2026-10-05T20:54:40+03:00,,,METRO,Москва,metro_moscow_leningradskoe_71g,"Москва и область, Ленинградское ш., 71Г",256364,"Сосиски Мясная губерния Сочные вареные, ~1.5кг",Мясо и птица,Колбасы и сосиски,название и продуктовый раздел магазина,"Колбаса, мясные деликатесы",https://online.metro-cc.ru/category/myasnye-delikatesy,439.0,/кг,торговый центр,зачёркнутая цена в блоке торгового центра,~1.5кг,В наличии,https://online.metro-cc.ru/products/15kg-sosiski-myasnaya-guberniya-sochnye-varenye,339 д /кг 439 д /кг от 1 кг,439.0,руб/кг,1.0,Источник уже указывает цену за кг/л; в корзине 1 кг/л
2026-10-05_21-24-47_048716,2026-10-05T20:54:40+03:00,,,METRO,Москва,metro_moscow_leningradskoe_71g,"Москва и область, Ленинградское ш., 71Г",261201,"Сосиски Черкизово Венские, ~1.2кг",Мясо и птица,Колбасы и сосиски,название и продуктовый раздел магазина,"Колбаса, мясные деликатесы",https://online.metro-cc.ru/category/myasnye-delikatesy,739.0,/кг,торговый центр,зачёркнутая цена в блоке торгового центра,~1.2кг,В наличии,https://online.metro-cc.ru/products/sosiski-cherkizovo-venskiye-1-25kg,509 д /кг 739 д /кг от 1 кг,739.0,руб/кг,1.0,Источник уже указывает цену за кг/л; в корзине 1 кг/л
2026-10-05_21-24-47_048716,2026-10-05T20:54:40+03:00,,,METRO,Москва,metro_moscow_leningradskoe_71g,"Москва и область, Ленинградское ш., 71Г",60093,"Сосиски Клинский Молочные, 410г",Мясо и птица,Колбасы и сосиски,название и продуктовый раздел магазина,"Колбаса, мясные деликатесы",https://online.metro-cc.ru/category/myasnye-delikatesy,459.0,/шт,торговый центр,зачёркнутая цена в блоке торгового центра,410г,В наличии,https://online.metro-cc.ru/products/sosiski-klinskiy-molochnye-410g,259 д /шт 459 д /шт от 1 шт,1119.51,руб/кг,0.41,Пересчёт по указанной в названии массе/объёму
2026-10-05_21-24-47_048716,2026-10-05T20:54:40+03:00,,,METRO,Москва,metro_moscow_leningradskoe_71g,"Москва и область, Ленинградское ш., 71Г",87048,"Сосиски Черкизово Молочные по-черкизовски, ~1.5кг",Мясо и птица,Колбасы и сосиски,название и продуктовый раздел магазина,"Колбаса, мясные деликатесы",https://online.metro-cc.ru/category/myasnye-delikatesy,569.0,/кг,торговый центр,зачёркнутая цена в блоке торгового центра,~1.5кг,В наличии,https://online.metro-cc.ru/products/sosiski-cherkizovo-molochnyye-po-cherkizovski-1-5kg,349 д /кг 569 д /кг от 1 кг,569.0,руб/кг,1.0,Источник уже указывает цену за кг/л; в корзине 1 кг/л
2026-10-05_21-24-47_048716,2026-10-05T20:54:40+03:00,,,METRO,Москва,metro_moscow_leningradskoe_71g,"Москва и область, Ленинградское ш., 71Г",132179,"Сосиски Велком с сыром, 450г",Мясо и птица,Колбасы и сосиски,название и продуктовый раздел магазина,"Колбаса, мясные деликатесы",https://online.metro-cc.ru/category/myasnye-delikatesy,359.0,/шт,торговый центр,зачёркнутая цена в блоке торгового центра,450г,В наличии,https://online.metro-cc.ru/products/sosiski-velkom-s-syrom-450g,285 д /шт 359 д /шт от 1 шт,797.78,руб/кг,0.45,Пересчёт по указанной в названии массе/объёму
2026-10-05_21-24-47_048716,2026-10-05T20:54:49+03:00,,,METRO,Москва,metro_moscow_leningradskoe_71g,"Москва и область, Ленинградское ш., 71Г",121016,"Конфеты Красный Октябрь Мишка косолапый, 200г",Сладости и перекусы,Шоколад и конфеты,название и продуктовый раздел магазина,Сладости,https://online.metro-cc.ru/category/sladosti_,369.0,/шт,торговый центр,зачёркнутая цена в блоке торгового центра,200г,В наличии,https://online.metro-cc.ru/products/200g-krasnyj-oktyabr-mishka-kosolapyj,219 д /шт 369 д /шт от 1 шт,1845.0,руб/кг,0.2,Пересчёт по указанной в названии массе/объёму
2026-10-05_21-24-47_048716,2026-10-05T20:54:49+03:00,,,METRO,Москва,metro_moscow_leningradskoe_71g,"Москва и область, Ленинградское ш., 71Г",235639,"Конфеты вафельные Победа вкуса Chsrged в молочном шоколаде без сахара, 150г",Сладости и перекусы,Шоколад и конфеты,название и продуктовый раздел магазина,Сладости,https://online.metro-cc.ru/category/sladosti_,219.0,/шт,торговый центр,цена в блоке торгового центра,150г,В наличии,https://online.metro-cc.ru/products/150g-konf-vafeln-100-charged-pobeda-vkusa-v-mol-shok-bsah,219 д /шт от 1 шт,1460.0,руб/кг,0.15,Пересчёт по указанной в названии массе/объёму
2026-10-05_21-24-47_048716,2026-10-05T20:54:49+03:00,,,METRO,Москва,metro_moscow_leningradskoe_71g,"Москва и область, Ленинградское ш., 71Г",407173,"Конфеты Рот Фронт батончики шоколадно-сливочный вкус, 250г",Сладости и перекусы,Шоколад и конфеты,название и продуктовый раздел магазина,Сладости,https://online.metro-cc.ru/category/sladosti_,179.0,/шт,торговый центр,зачёркнутая цена в блоке торгового центра,250г,В наличии,https://online.metro-cc.ru/products/konfety-rot-front-batonchiki-shokoladno-slivochnyy-vkus-250g-407173,119 д /шт 179 д /шт от 1 шт,716.0,руб/кг,0.25,Пересчёт по указанной в названии массе/объёму
2026-10-05_21-24-47_048716,2026-10-05T20:54:49+03:00,,,METRO,Москва,metro_moscow_leningradskoe_71g,"Москва и область, Ленинградское ш., 71Г",586896,"Конфеты Красный Октябрь Золотое суфле черносмородиновое, 200г",Сладости и перекусы,Шоколад и конфеты,название и продуктовый раздел магазина,Сладости,https://online.metro-cc.ru/category/sladosti_,369.0,/шт,торговый центр,зачёркнутая цена в блоке торгового центра,200г,В наличии,https://online.metro-cc.ru/products/krasnyj-oktyabr-zolotoe-sufle-chernaya-smorodina-200g,199 д /шт 369 д /шт от 1 шт,1845.0,руб/кг,0.2,Пересчёт по указанной в названии массе/объёму
2026-10-05_21-24-47_048716,2026-10-05T20:54:49+03:00,,,METRO,Москва,metro_moscow_leningradskoe_71g,"Москва и область, Ленинградское ш., 71Г",121014,"Конфеты Рот Фронт Мягкий грильяж, 200г",Сладости и перекусы,Шоколад и конфеты,название и продуктовый раздел магазина,Сладости,https://online.metro-cc.ru/category/sladosti_,159.0,/шт,торговый центр,цена в блоке торгового центра,200г,В наличии,https://online.metro-cc.ru/products/200g-rot-front-myagkij-grilyazh,159 д /шт от 1 шт,795.0,руб/кг,0.2,Пересчёт по указанной в названии массе/объёму
2026-10-05_21-24-47_048716,2026-10-05T20:54:49+03:00,,,METRO,Москва,metro_moscow_leningradskoe_71g,"Москва и область, Ленинградское ш., 71Г",201728,"Набор шоколада Ritter Sport Ореховый микс, 1.1кг",Сладости и перекусы,Шоколад и конфеты,название и продуктовый раздел магазина,Сладости,https://online.metro-cc.ru/category/sladosti_,2990.0,/шт,торговый центр,цена в блоке торгового центра,1.1кг,Наличие не подтверждено,https://online.metro-cc.ru/products/nabor-shokolada-ritter-sport-orehovyy-miks-11kg,2 990 д /шт от 1 шт,2718.18,руб/кг,1.1,Пересчёт по указанной в названии массе/объёму
2026-10-05_21-24-47_048716,2026-10-05T20:54:49+03:00,,,METRO,Москва,metro_moscow_leningradskoe_71g,"Москва и область, Ленинградское ш., 71Г",427048,"Шоколад Бабаевский с шоколадной начинкой, 50г",Сладости и перекусы,Шоколад и конфеты,название и продуктовый раздел магазина,Сладости,https://online.metro-cc.ru/category/sladosti_,110.0,/шт,торговый центр,зачёркнутая цена в блоке торгового центра,50г,В наличии,https://online.metro-cc.ru/products/shokolad-babayevskiy-s-shokoladnoy-nachinkoy-50g-427048,69.90 д /шт 110 д /шт от 1 шт,2200.0,руб/кг,0.05,Пересчёт по указанной в названии массе/объёму
2026-10-05_21-24-47_048716,2026-10-05T20:54:49+03:00,,,METRO,Москва,metro_moscow_leningradskoe_71g,"Москва и область, Ленинградское ш., 71Г",619953,"Шоколад Победа вкуса молочный без сахара 36% какао, 100г",Сладости и перекусы,Шоколад и конфеты,название и продуктовый раздел магазина,Сладости,https://online.metro-cc.ru/category/sladosti_,189.0,/шт,торговый центр,цена в блоке торгового центра,100г,В наличии,https://online.metro-cc.ru/products/pobeda-molochnyj-32-kakao-bez-sahara-100-g,189 д /шт от 1 шт,1890.0,руб/кг,0.1,Пересчёт по указанной в названии массе/объёму
2026-10-05_21-24-47_048716,2026-10-05T20:54:49+03:00,,,METRO,Москва,metro_moscow_leningradskoe_71g,"Москва и область, Ленинградское ш., 71Г",280055,"Шоколад Вдохновение горький с миндалем 75% какао, 90г",Сладости и перекусы,Шоколад и конфеты,название и продуктовый раздел магазина,Сладости,https://online.metro-cc.ru/category/sladosti_,209.0,/шт,торговый центр,зачёркнутая цена в блоке торгового центра,90г,В наличии,https://online.metro-cc.ru/products/shokolad-vdohnovenie-gorkiy-s-mindalem-75-kakao-90g,159 д /шт 209 д /шт от 1 шт,2322.22,руб/кг,0.09,Пересчёт по указанной в названии массе/объёму
2026-10-05_21-24-47_048716,2026-10-05T20:54:49+03:00,,,METRO,Москва,metro_moscow_leningradskoe_71g,"Москва и область, Ленинградское ш., 71Г",138161,"RIOBA Мини-шоколад Ассорти 6 вкусов, 800г",Сладости и перекусы,Шоколад и конфеты,название и продуктовый раздел магазина,Сладости,https://online.metro-cc.ru/category/sladosti_,1629.01,/шт,торговый центр,зачёркнутая цена в блоке торгового центра,800г,В наличии,https://online.metro-cc.ru/products/800g-mini-shokolad-rioba-assorti-6-vkusov,1 448.99 д /шт 1 629.01 д /шт от 1 шт,2036.26,руб/кг,0.8,Пересчёт по указанной в названии массе/объёму
2026-10-05_21-24-47_048716,2026-10-05T20:54:49+03:00,,,METRO,Москва,metro_moscow_leningradskoe_71g,"Москва и область, Ленинградское ш., 71Г",405613,"Печенье Forno Bonomi Савоярди, 400г",Сладости и перекусы,Печенье и вафли,название и продуктовый раздел магазина,Сладости,https://online.metro-cc.ru/category/sladosti_,529.0,/шт,торговый центр,цена в блоке торгового центра,400г,В наличии,https://online.metro-cc.ru/products/pechene-forno-bonomi-savoyardi-400g,529 д /шт от 1 шт,1322.5,руб/кг,0.4,Пересчёт по указанной в названии массе/объёму
2026-10-05_21-24-47_048716,2026-10-05T20:54:49+03:00,,,METRO,Москва,metro_moscow_leningradskoe_71g,"Москва и область, Ленинградское ш., 71Г",280061,"Тульский пряник Ясная Поляна с яблоком и корицей, 130г",Сладости и перекусы,Печенье и вафли,название и продуктовый раздел магазина,Сладости,https://online.metro-cc.ru/category/sladosti_,66.9,/шт,торговый центр,зачёркнутая цена в блоке торгового центра,130г,В наличии,https://online.metro-cc.ru/products/pryanik-tulskiy-pryanik-s-yablokom-i-koritsey-130g,45.90 д /шт 66.90 д /шт от 1 шт,514.62,руб/кг,0.13,Пересчёт по указанной в названии массе/объёму
2026-10-05_21-24-47_048716,2026-10-05T20:54:49+03:00,,,METRO,Москва,metro_moscow_leningradskoe_71g,"Москва и область, Ленинградское ш., 71Г",280057,"Тульский пряник Ясная Поляна с апельсином, корицей и цукатами, 130г",Сладости и перекусы,Печенье и вафли,название и продуктовый раздел магазина,Сладости,https://online.metro-cc.ru/category/sladosti_,66.9,/шт,торговый центр,зачёркнутая цена в блоке торгового центра,130г,В наличии,https://online.metro-cc.ru/products/pryanik-tulskiy-pryanik-s-apelsinami-koritsey-i-tsukatami-130g,45.90 д /шт 66.90 д /шт от 1 шт,514.62,руб/кг,0.13,Пересчёт по указанной в названии массе/объёму
2026-10-05_21-24-47_048716,2026-10-05T20:54:49+03:00,,,METRO,Москва,metro_moscow_leningradskoe_71g,"Москва и область, Ленинградское ш., 71Г",280058,"Тульский пряник Ясная Поляна с вареной сгущенкой, 130г",Сладости и перекусы,Печенье и вафли,название и продуктовый раздел магазина,Сладости,https://online.metro-cc.ru/category/sladosti_,66.9,/шт,торговый центр,зачёркнутая цена в блоке торгового центра,130г,В наличии,https://online.metro-cc.ru/products/pryanik-tulskiy-pryanik-s-varenoy-sguschenkoy-130g,45.90 д /шт 66.90 д /шт от 1 шт,514.62,руб/кг,0.13,Пересчёт по указанной в названии массе/объёму
2026-10-05_21-24-47_048716,2026-10-05T20:54:49+03:00,,,METRO,Москва,metro_moscow_leningradskoe_71g,"Москва и область, Ленинградское ш., 71Г",280060,"Тульский пряник Ясная Поляна с фруктовой начинкой, 130г",Сладости и перекусы,Печенье и вафли,название и продуктовый раздел магазина,Сладости,https://online.metro-cc.ru/category/sladosti_,66.9,/шт,торговый центр,зачёркнутая цена в блоке торгового центра,130г,В наличии,https://online.metro-cc.ru/products/pryanik-tulskiy-pryanik-s-fruktovoy-nachinkoy-130g,45.90 д /шт 66.90 д /шт от 1 шт,514.62,руб/кг,0.13,Пересчёт по указанной в названии массе/объёму
2026-10-05_21-24-47_048716,2026-10-05T20:54:49+03:00,,,METRO,Москва,metro_moscow_leningradskoe_71g,"Москва и область, Ленинградское ш., 71Г",469191,"Мармелад Ударница Мармеландия Фруктовый коктейль с натуральным соком, 250г 250г",Сладости и перекусы,Шоколад и конфеты,название и продуктовый раздел магазина,Сладости,https://online.metro-cc.ru/category/sladosti_,159.0,/шт,торговый центр,цена в блоке торгового центра,250г; 250г,В наличии,https://online.metro-cc.ru/products/marmelad-marmelandiya-fruktovyy-kokteyl-s-naturalnym-sokom-250g-469191,159 д /шт от 1 шт,,,,Нет однозначной массы/объёма упаковки
2026-10-05_21-24-47_048716,2026-10-05T20:54:49+03:00,,,METRO,Москва,metro_moscow_leningradskoe_71g,"Москва и область, Ленинградское ш., 71Г",287771,"Мармелад жевательный Bon Pari Кислые червячки, 75г",Сладости и перекусы,Шоколад и конфеты,название и продуктовый раздел магазина,Сладости,https://online.metro-cc.ru/category/sladosti_,94.9,/шт,торговый центр,зачёркнутая цена в блоке торгового центра,75г,Наличие не подтверждено,https://online.metro-cc.ru/products/marmelad-zhevatelnyy-bon-pari-kislyye-chervyachki-75g-287771,58.90 д /шт 94.90 д /шт от 1 шт,1265.33,руб/кг,0.075,Пересчёт по указанной в названии массе/объёму
2026-10-05_21-24-47_048716,2026-10-05T20:54:49+03:00,,,METRO,Москва,metro_moscow_leningradskoe_71g,"Москва и область, Ленинградское ш., 71Г",246974,"Зефир Neo Botanica Vitamin Ваниль, 250г",Сладости и перекусы,Шоколад и конфеты,название и продуктовый раздел магазина,Сладости,https://online.metro-cc.ru/category/sladosti_,198.99,/шт,торговый центр,зачёркнутая цена в блоке торгового центра,250г,В наличии,https://online.metro-cc.ru/products/zefir-neo-botanica-vitamin-vanilnyy-250g,119 д /шт 198.99 д /шт от 1 шт,795.96,руб/кг,0.25,Пересчёт по указанной в названии массе/объёму
2026-10-05_21-24-47_048716,2026-10-05T20:54:49+03:00,,,METRO,Москва,metro_moscow_leningradskoe_71g,"Москва и область, Ленинградское ш., 71Г",469117,"Мармелад Ударница Мармеландия Лимонные дольки, 250г",Сладости и перекусы,Шоколад и конфеты,название и продуктовый раздел магазина,Сладости,https://online.metro-cc.ru/category/sladosti_,189.0,/шт,торговый центр,цена в блоке торгового центра,250г,В наличии,https://online.metro-cc.ru/products/udarnica-limonnye-dolki-s-naturalnym-sokom-250g,189 д /шт от 1 шт,756.0,руб/кг,0.25,Пересчёт по указанной в названии массе/объёму
2026-10-05_21-24-47_048716,2026-10-05T20:54:49+03:00,,,METRO,Москва,metro_moscow_leningradskoe_71g,"Москва и область, Ленинградское ш., 71Г",643157,"Мармелад жевательный Chupa Chups Роллсы кислые с апельсиново-лимонным вкусом, 70г 70г",Сладости и перекусы,Шоколад и конфеты,название и продуктовый раздел магазина,Сладости,https://online.metro-cc.ru/category/sladosti_,99.99,/шт,торговый центр,цена в блоке торгового центра,70г; 70г,В наличии,https://online.metro-cc.ru/products/chupa-chups-mini-trubochki-90g,99.99 д /шт от 1 шт,,,,Нет однозначной массы/объёма упаковки
2026-10-05_21-24-47_048716,2026-10-05T20:54:49+03:00,,,METRO,Москва,metro_moscow_leningradskoe_71g,"Москва и область, Ленинградское ш., 71Г",90042,"Палочки Lorenz Snack-World Saltletts классические, 150г",Сладости и перекусы,Прочие сладости и снеки,категория магазина,Сладости,https://online.metro-cc.ru/category/sladosti_,84.9,/шт,торговый центр,цена в блоке торгового центра,150г,В наличии,https://online.metro-cc.ru/products/palochki-klassicheskie-saltletts-150g,84.90 д /шт от 1 шт,566.0,руб/кг,0.15,Пересчёт по указанной в названии массе/объёму
2026-10-05_21-24-47_048716,2026-10-05T20:54:49+03:00,,,METRO,Москва,metro_moscow_leningradskoe_71g,"Москва и область, Ленинградское ш., 71Г",125054,"Крендели Saltletts с солью классические, 150г",Сладости и перекусы,Прочие сладости и снеки,категория магазина,Сладости,https://online.metro-cc.ru/category/sladosti_,80.99,/шт,торговый центр,цена в блоке торгового центра,150г,В наличии,https://online.metro-cc.ru/products/krendeli-s-solyu-klassicheskie-saltletts-150g,80.99 д /шт от 1 шт,539.93,руб/кг,0.15,Пересчёт по указанной в названии массе/объёму
2026-10-05_21-24-47_048716,2026-10-05T20:54:49+03:00,,,METRO,Москва,metro_moscow_leningradskoe_71g,"Москва и область, Ленинградское ш., 71Г",456757,"Сушки-мини Семейка Озби простые, 150г",Сладости и перекусы,Печенье и вафли,название и продуктовый раздел магазина,Сладости,https://online.metro-cc.ru/category/sladosti_,48.91,/шт,торговый центр,цена в блоке торгового центра,150г,В наличии,https://online.metro-cc.ru/products/sushki-mini-semeyka-ozbi-prostyye-150g,48.91 д /шт от 1 шт,326.07,руб/кг,0.15,Пересчёт по указанной в названии массе/объёму
2026-10-05_21-24-47_048716,2026-10-05T20:54:49+03:00,,,METRO,Москва,metro_moscow_leningradskoe_71g,"Москва и область, Ленинградское ш., 71Г",120310,"Мини-сушки Семейка Озби с маком, 150г",Сладости и перекусы,Печенье и вафли,название и продуктовый раздел магазина,Сладости,https://online.metro-cc.ru/category/sladosti_,53.9,/шт,торговый центр,цена в блоке торгового центра,150г,В наличии,https://online.metro-cc.ru/products/mini-s-makom-semejka-ozbi-150g,53.90 д /шт от 1 шт,359.33,руб/кг,0.15,Пересчёт по указанной в названии массе/объёму
2026-10-05_21-24-47_048716,2026-10-05T20:54:49+03:00,,,METRO,Москва,metro_moscow_leningradskoe_71g,"Москва и область, Ленинградское ш., 71Г",456767,"Сушки-мини Семейка Озби с солью, 150г",Сладости и перекусы,Печенье и вафли,название и продуктовый раздел магазина,Сладости,https://online.metro-cc.ru/category/sladosti_,49.9,/шт,торговый центр,цена в блоке торгового центра,150г,В наличии,https://online.metro-cc.ru/products/sushki-mini-semeyka-ozbi-s-solyu-150g-456767,49.90 д /шт от 1 шт,332.67,руб/кг,0.15,Пересчёт по указанной в названии массе/объёму
2026-10-05_21-24-47_048716,2026-10-05T20:54:49+03:00,,,METRO,Москва,metro_moscow_leningradskoe_71g,"Москва и область, Ленинградское ш., 71Г",120113,"Жевательная резинка Orbit Refreshers тропический микс, 16г",Сладости и перекусы,Прочие сладости и снеки,категория магазина,Сладости,https://online.metro-cc.ru/category/sladosti_,62.9,/шт,торговый центр,зачёркнутая цена в блоке торгового центра,16г,В наличии,https://online.metro-cc.ru/products/orbit-tropik-refreshers16g-120113,42.90 д /шт 62.90 д /шт от 1 шт,3931.25,руб/кг,0.016,Пересчёт по указанной в названии массе/объёму
2026-10-05_21-24-47_048716,2026-10-05T20:54:49+03:00,,,METRO,Москва,metro_moscow_leningradskoe_71g,"Москва и область, Ленинградское ш., 71Г",274234,"Жевательная резинка Mentos вишня, 54г",Сладости и перекусы,Прочие сладости и снеки,категория магазина,Сладости,https://online.metro-cc.ru/category/sladosti_,159.0,/шт,торговый центр,цена в блоке торгового центра,54г,Наличие не подтверждено,https://online.metro-cc.ru/products/54g-zhevatelnaya-rezinka-mentos-vishnya-274234,159 д /шт от 1 шт,2944.44,руб/кг,0.054,Пересчёт по указанной в названии массе/объёму
2026-10-05_21-24-47_048716,2026-10-05T20:54:49+03:00,,,METRO,Москва,metro_moscow_leningradskoe_71g,"Москва и область, Ленинградское ш., 71Г",14787,"Жевательная резинка Wrigley's Spearmint без сахара мята, 13г",Сладости и перекусы,Прочие сладости и снеки,категория магазина,Сладости,https://online.metro-cc.ru/category/sladosti_,34.89,/шт,торговый центр,цена в блоке торгового центра,13г,В наличии,https://online.metro-cc.ru/products/zhevatelnaya-rezinka-wrigley-s-spearmint-bez-sakhara-myata-13g,34.89 д /шт от 1 шт,2683.85,руб/кг,0.013,Пересчёт по указанной в названии массе/объёму
2026-10-05_21-24-47_048716,2026-10-05T20:54:49+03:00,,,METRO,Москва,metro_moscow_leningradskoe_71g,"Москва и область, Ленинградское ш., 71Г",76591,"Жевательная резинка Mentos Pure fresh виноград, 54г",Овощи и фрукты,Фрукты,название,Сладости,https://online.metro-cc.ru/category/sladosti_,159.0,/шт,торговый центр,цена в блоке торгового центра,54г,Наличие не подтверждено,https://online.metro-cc.ru/products/mentos-pure-fresh-vinograd-54-g,159 д /шт от 1 шт,2944.44,руб/кг,0.054,Пересчёт по указанной в названии массе/объёму
2026-10-05_21-24-47_048716,2026-10-05T20:54:49+03:00,,,METRO,Москва,metro_moscow_leningradskoe_71g,"Москва и область, Ленинградское ш., 71Г",76590,"Жевательная резинка Mentos Pure fresh арбуз, 54г",Овощи и фрукты,Фрукты,название,Сладости,https://online.metro-cc.ru/category/sladosti_,159.0,/шт,торговый центр,цена в блоке торгового центра,54г,Наличие не подтверждено,https://online.metro-cc.ru/products/mentos-pure-fresh-arbuz-54g,159 д /шт от 1 шт,2944.44,руб/кг,0.054,Пересчёт по указанной в названии массе/объёму
2026-10-05_21-24-47_048716,2026-10-05T20:54:58+03:00,,,METRO,Москва,metro_moscow_leningradskoe_71g,"Москва и область, Ленинградское ш., 71Г",40092,"Батон Хлебный дом Звездный, 350г",Хлеб и выпечка,Хлеб и лепёшки,название и продуктовый раздел магазина,"Хлеб, выпечка, торты",https://online.metro-cc.ru/category/hleb-vypechka-torty,63.9,/шт,торговый центр,цена в блоке торгового центра,350г,Наличие не подтверждено,https://online.metro-cc.ru/products/baton-dom-zvezdnyj-350-g,63.90 д /шт от 1 шт,182.57,руб/кг,0.35,Пересчёт по указанной в названии массе/объёму
2026-10-05_21-24-47_048716,2026-10-05T20:54:58+03:00,,,METRO,Москва,metro_moscow_leningradskoe_71g,"Москва и область, Ленинградское ш., 71Г",620588,"Хлебцы Коломенский Здоровый край зерновые мягкие, 260г",Хлеб и выпечка,Хлеб и лепёшки,название и продуктовый раздел магазина,"Хлеб, выпечка, торты",https://online.metro-cc.ru/category/hleb-vypechka-torty,129.0,/шт,торговый центр,цена в блоке торгового центра,260г,Наличие не подтверждено,https://online.metro-cc.ru/products/khlebtsy-kolomenskiy-rzhanoy-kray-zernovye-myagkie-260g,129 д /шт от 1 шт,496.15,руб/кг,0.26,Пересчёт по указанной в названии массе/объёму
2026-10-05_21-24-47_048716,2026-10-05T20:54:58+03:00,,,METRO,Москва,metro_moscow_leningradskoe_71g,"Москва и область, Ленинградское ш., 71Г",254179,"Хлеб Даниловский пшеничный на закваске, 250г",Хлеб и выпечка,Хлеб и лепёшки,название и продуктовый раздел магазина,"Хлеб, выпечка, торты",https://online.metro-cc.ru/category/hleb-vypechka-torty,50.9,/шт,торговый центр,цена в блоке торгового центра,250г,Наличие не подтверждено,https://online.metro-cc.ru/products/250g-hleb-danilovskiy-pshenichnyy-na-zakvaske,50.90 д /шт от 1 шт,203.6,руб/кг,0.25,Пересчёт по указанной в названии массе/объёму
2026-10-05_21-24-47_048716,2026-10-05T20:54:58+03:00,,,METRO,Москва,metro_moscow_leningradskoe_71g,"Москва и область, Ленинградское ш., 71Г",127404,"Чиабатта рустик, 290г",Хлеб и выпечка,Прочая выпечка,категория магазина,"Хлеб, выпечка, торты",https://online.metro-cc.ru/category/hleb-vypechka-torty,129.0,/шт,торговый центр,цена в блоке торгового центра,290г,В наличии,https://online.metro-cc.ru/products/290g-chiabatta-rustik,129 д /шт от 1 шт,444.83,руб/кг,0.29,Пересчёт по указанной в названии массе/объёму
2026-10-05_21-24-47_048716,2026-10-05T20:54:58+03:00,,,METRO,Москва,metro_moscow_leningradskoe_71g,"Москва и область, Ленинградское ш., 71Г",297007,"Батон Черемушки нарезной высший сорт в нарезке, 400г",Хлеб и выпечка,Прочая выпечка,категория магазина,"Хлеб, выпечка, торты",https://online.metro-cc.ru/category/hleb-vypechka-torty,74.9,/шт,торговый центр,цена в блоке торгового центра,400г,В наличии,https://online.metro-cc.ru/products/baton-nareznoj-vysshij-sort-v-narezke-400-g,74.90 д /шт от 1 шт,187.25,руб/кг,0.4,Пересчёт по указанной в названии массе/объёму
2026-10-05_21-24-47_048716,2026-10-05T20:54:58+03:00,,,METRO,Москва,metro_moscow_leningradskoe_71g,"Москва и область, Ленинградское ш., 71Г",246530,"Мини круассаны 7 Days c кремом какао, 335г",Хлеб и выпечка,Выпечка и торты,название и продуктовый раздел магазина,"Хлеб, выпечка, торты",https://online.metro-cc.ru/category/hleb-vypechka-torty,229.0,/шт,торговый центр,цена в блоке торгового центра,335г,В наличии,https://online.metro-cc.ru/products/mini-kruassany-7-days-kakao-335g,229 д /шт от 1 шт,683.58,руб/кг,0.335,Пересчёт по указанной в названии массе/объёму
2026-10-05_21-24-47_048716,2026-10-05T20:54:58+03:00,,,METRO,Москва,metro_moscow_leningradskoe_71g,"Москва и область, Ленинградское ш., 71Г",524787,"Круассан 7 Days с кремом какао (4шт х 65г), 260г",Хлеб и выпечка,Выпечка и торты,название и продуктовый раздел магазина,"Хлеб, выпечка, торты",https://online.metro-cc.ru/category/hleb-vypechka-torty,219.0,/шт,торговый центр,цена в блоке торгового центра,4шт; 65г; 260г,В наличии,https://online.metro-cc.ru/products/kruassan-7days-s-kremom-kakao-3-1-4-65g,219 д /шт от 1 шт,,,,Нет однозначной массы/объёма упаковки
2026-10-05_21-24-47_048716,2026-10-05T20:54:58+03:00,,,METRO,Москва,metro_moscow_leningradskoe_71g,"Москва и область, Ленинградское ш., 71Г",524786,"Круассан 7 Days с кремом со вкусом ваниль (4шт х 65г), 260г",Хлеб и выпечка,Выпечка и торты,название и продуктовый раздел магазина,"Хлеб, выпечка, торты",https://online.metro-cc.ru/category/hleb-vypechka-torty,219.0,/шт,торговый центр,цена в блоке торгового центра,4шт; 65г; 260г,В наличии,https://online.metro-cc.ru/products/kruassan-7days-s-kremom-vanil-3-1-4-65g,219 д /шт от 1 шт,,,,Нет однозначной массы/объёма упаковки
2026-10-05_21-24-47_048716,2026-10-05T20:54:58+03:00,,,METRO,Москва,metro_moscow_leningradskoe_71g,"Москва и область, Ленинградское ш., 71Г",293859,"Торт Коровка вафельный ассорти, 180г",Хлеб и выпечка,Выпечка и торты,название и продуктовый раздел магазина,"Хлеб, выпечка, торты",https://online.metro-cc.ru/category/hleb-vypechka-torty,149.0,/шт,торговый центр,цена в блоке торгового центра,180г,Наличие не подтверждено,https://online.metro-cc.ru/products/tort-korovka-vafelnyy-assorti-180g,149 д /шт от 1 шт,827.78,руб/кг,0.18,Пересчёт по указанной в названии массе/объёму
2026-10-05_21-24-47_048716,2026-10-05T20:54:58+03:00,,,METRO,Москва,metro_moscow_leningradskoe_71g,"Москва и область, Ленинградское ш., 71Г",249319,"Пирожное Ама Берлинское, 252г",Хлеб и выпечка,Выпечка и торты,название и продуктовый раздел магазина,"Хлеб, выпечка, торты",https://online.metro-cc.ru/category/hleb-vypechka-torty,189.0,/шт,торговый центр,зачёркнутая цена в блоке торгового центра,252г,В наличии,https://online.metro-cc.ru/products/pirozhnoye-ama-berlinskoye-252g,159.01 д /шт 189 д /шт от 1 шт,750.0,руб/кг,0.252,Пересчёт по указанной в названии массе/объёму
2026-10-05_21-24-47_048716,2026-10-05T20:54:58+03:00,,,METRO,Москва,metro_moscow_leningradskoe_71g,"Москва и область, Ленинградское ш., 71Г",442775,"Пирожные Фили Бейкер заварные кольца, 300г",Хлеб и выпечка,Выпечка и торты,название и продуктовый раздел магазина,"Хлеб, выпечка, торты",https://online.metro-cc.ru/category/hleb-vypechka-torty,289.01,/шт,торговый центр,зачёркнутая цена в блоке торгового центра,300г,В наличии,https://online.metro-cc.ru/products/pirozhnyye-fili-beyker-zavarnyye-koltsa-300g-442775,219 д /шт 289.01 д /шт от 1 шт,963.37,руб/кг,0.3,Пересчёт по указанной в названии массе/объёму
2026-10-05_21-24-47_048716,2026-10-05T20:54:58+03:00,,,METRO,Москва,metro_moscow_leningradskoe_71g,"Москва и область, Ленинградское ш., 71Г",551912,"Пирожные Mirel Профитроли с пломбирным кремом замороженные, 180г",Хлеб и выпечка,Выпечка и торты,название и продуктовый раздел магазина,"Хлеб, выпечка, торты",https://online.metro-cc.ru/category/hleb-vypechka-torty,219.0,/шт,торговый центр,цена в блоке торгового центра,180г,В наличии,https://online.metro-cc.ru/products/mirel-profitroli-s-plombirnym-kremom-zamorozhennye-180g,219 д /шт от 1 шт,1216.67,руб/кг,0.18,Пересчёт по указанной в названии массе/объёму
2026-10-05_21-24-47_048716,2026-10-05T20:54:58+03:00,,,METRO,Москва,metro_moscow_leningradskoe_71g,"Москва и область, Ленинградское ш., 71Г",443279,"Пирожное Черемушки Картошка, 300г",Хлеб и выпечка,Выпечка и торты,название и продуктовый раздел магазина,"Хлеб, выпечка, торты",https://online.metro-cc.ru/category/hleb-vypechka-torty,349.01,/шт,торговый центр,цена в блоке торгового центра,300г,Наличие не подтверждено,https://online.metro-cc.ru/products/pirozhnoye-cheremushki-kartoshka-300g-443279,349.01 д /шт от 1 шт,1163.37,руб/кг,0.3,Пересчёт по указанной в названии массе/объёму
2026-10-05_21-24-47_048716,2026-10-05T20:54:58+03:00,,,METRO,Москва,metro_moscow_leningradskoe_71g,"Москва и область, Ленинградское ш., 71Г",225901,"Набор пирожных Mirel Муравейник, 340г",Хлеб и выпечка,Выпечка и торты,название и продуктовый раздел магазина,"Хлеб, выпечка, торты",https://online.metro-cc.ru/category/hleb-vypechka-torty,329.0,/шт,торговый центр,цена в блоке торгового центра,340г,В наличии,https://online.metro-cc.ru/products/340g-muraveynik-nabor-pirozhnyh-mirel,329 д /шт от 1 шт,967.65,руб/кг,0.34,Пересчёт по указанной в названии массе/объёму
2026-10-05_21-24-47_048716,2026-10-05T20:54:58+03:00,,,METRO,Москва,metro_moscow_leningradskoe_71g,"Москва и область, Ленинградское ш., 71Г",137009,"Торт У Палыча Прага оригинальная, 900г",Хлеб и выпечка,Выпечка и торты,название и продуктовый раздел магазина,"Хлеб, выпечка, торты",https://online.metro-cc.ru/category/hleb-vypechka-torty,1599.01,/шт,торговый центр,зачёркнутая цена в блоке торгового центра,900г,В наличии,https://online.metro-cc.ru/products/tort-ot-palycha-praga-originalnaya-900g,1 339 д /шт 1 599.01 д /шт от 1 шт,1776.68,руб/кг,0.9,Пересчёт по указанной в названии массе/объёму
2026-10-05_21-24-47_048716,2026-10-05T20:54:58+03:00,,,METRO,Москва,metro_moscow_leningradskoe_71g,"Москва и область, Ленинградское ш., 71Г",143181,"Криспы Мистраль Узбекские из риса и красной чечевицы, 110г",Бакалея,Крупы и бобовые,название,"Хлеб, выпечка, торты",https://online.metro-cc.ru/category/hleb-vypechka-torty,149.01,/шт,торговый центр,зачёркнутая цена в блоке торгового центра,110г,В наличии,https://online.metro-cc.ru/products/krispy-mistral-uzbekskie-110g,119 д /шт 149.01 д /шт от 1 шт,1354.64,руб/кг,0.11,Пересчёт по указанной в названии массе/объёму
2026-10-05_21-24-47_048716,2026-10-05T20:54:58+03:00,,,METRO,Москва,metro_moscow_leningradskoe_71g,"Москва и область, Ленинградское ш., 71Г",118033,"Хлебцы хрустящие Dr. Korner Гречневые с витаминами, 100г",Хлеб и выпечка,Хлеб и лепёшки,название и продуктовый раздел магазина,"Хлеб, выпечка, торты",https://online.metro-cc.ru/category/hleb-vypechka-torty,119.0,/шт,торговый центр,зачёркнутая цена в блоке торгового центра,100г,В наличии,https://online.metro-cc.ru/products/100g-drkorner-grechnevye-s-vitaminami,89.90 д /шт 119 д /шт от 1 шт,1190.0,руб/кг,0.1,Пересчёт по указанной в названии массе/объёму
2026-10-05_21-24-47_048716,2026-10-05T20:54:58+03:00,,,METRO,Москва,metro_moscow_leningradskoe_71g,"Москва и область, Ленинградское ш., 71Г",627799,"Хлебцы хрустящие Dr. Korner Кукурузно-рисовые карамельные, 90г",Хлеб и выпечка,Хлеб и лепёшки,название и продуктовый раздел магазина,"Хлеб, выпечка, торты",https://online.metro-cc.ru/category/hleb-vypechka-torty,109.0,/шт,торговый центр,зачёркнутая цена в блоке торгового центра,90г,В наличии,https://online.metro-cc.ru/products/90g-hlebcy-zlakkoktejl-karamel,82.90 д /шт 109 д /шт от 1 шт,1211.11,руб/кг,0.09,Пересчёт по указанной в названии массе/объёму
2026-10-05_21-24-47_048716,2026-10-05T20:54:58+03:00,,,METRO,Москва,metro_moscow_leningradskoe_71g,"Москва и область, Ленинградское ш., 71Г",669479,"Хлебцы Wasa ржаные цельнозерновые, 205г",Хлеб и выпечка,Хлеб и лепёшки,название и продуктовый раздел магазина,"Хлеб, выпечка, торты",https://online.metro-cc.ru/category/hleb-vypechka-torty,249.0,/шт,торговый центр,зачёркнутая цена в блоке торгового центра,205г,В наличии,https://online.metro-cc.ru/products/hlebtsy-wasa-original-rzhanye-tselnozernovye-205g,199 д /шт 249 д /шт от 1 шт,1214.63,руб/кг,0.205,Пересчёт по указанной в названии массе/объёму
2026-10-05_21-24-47_048716,2026-10-05T20:54:58+03:00,,,METRO,Москва,metro_moscow_leningradskoe_71g,"Москва и область, Ленинградское ш., 71Г",239222,"Хлебцы хрустящие Dr. Korner Рисовые со сметаной и зеленью, 80г",Хлеб и выпечка,Хлеб и лепёшки,название и продуктовый раздел магазина,"Хлеб, выпечка, торты",https://online.metro-cc.ru/category/hleb-vypechka-torty,119.0,/шт,торговый центр,цена в блоке торгового центра,80г,В наличии,https://online.metro-cc.ru/products/80g-hlebtsy-risovye-dr-korner-smetanazelen,119 д /шт от 1 шт,1487.5,руб/кг,0.08,Пересчёт по указанной в названии массе/объёму
2026-10-05_21-24-47_048716,2026-10-05T20:54:58+03:00,,,METRO,Москва,metro_moscow_leningradskoe_71g,"Москва и область, Ленинградское ш., 71Г",74183,"Пирожки Мираторг хрустящие с вишней замороженные, 200г",Хлеб и выпечка,Прочая выпечка,категория магазина,"Хлеб, выпечка, торты",https://online.metro-cc.ru/category/hleb-vypechka-torty,219.0,/шт,торговый центр,зачёркнутая цена в блоке торгового центра,200г,Наличие не подтверждено,https://online.metro-cc.ru/products/pirozhki-miratorg-hrustyaschie-s-vishney-zamorozhennye-200g,129 д /шт 219 д /шт от 1 шт,1095.0,руб/кг,0.2,Пересчёт по указанной в названии массе/объёму
2026-10-05_21-24-47_048716,2026-10-05T20:54:58+03:00,,,METRO,Москва,metro_moscow_leningradskoe_71g,"Москва и область, Ленинградское ш., 71Г",33596,"Тесто Без хлопот 256 слоев слоеное бездрожжевое замороженное, 500г",Хлеб и выпечка,Прочая выпечка,категория магазина,"Хлеб, выпечка, торты",https://online.metro-cc.ru/category/hleb-vypechka-torty,119.0,/шт,торговый центр,зачёркнутая цена в блоке торгового центра,500г,В наличии,https://online.metro-cc.ru/products/500g-testo-sloyenoye-bez-khlopot-bezdrozhzhevoye-zamorozh,89.90 д /шт 119 д /шт от 1 шт,238.0,руб/кг,0.5,Пересчёт по указанной в названии массе/объёму
2026-10-05_21-24-47_048716,2026-10-05T20:54:58+03:00,,,METRO,Москва,metro_moscow_leningradskoe_71g,"Москва и область, Ленинградское ш., 71Г",211889,"Миничиабатта Хлебный дом замороженная (100г x 2шт), 200г",Хлеб и выпечка,Хлеб и лепёшки,название и продуктовый раздел магазина,"Хлеб, выпечка, торты",https://online.metro-cc.ru/category/hleb-vypechka-torty,79.9,/шт,торговый центр,цена в блоке торгового центра,100г; 2шт; 200г,В наличии,https://online.metro-cc.ru/products/2shth100g-minichiabatta-hlebnyy-dom-zamorozhennaya,79.90 д /шт от 1 шт,,,,Нет однозначной массы/объёма упаковки
2026-10-05_21-24-47_048716,2026-10-05T20:54:58+03:00,,,METRO,Москва,metro_moscow_leningradskoe_71g,"Москва и область, Ленинградское ш., 71Г",128263,"METRO Chef Лепешка Роти Халяль слоеная замороженная (90г x 5шт), 450г",Хлеб и выпечка,Хлеб и лепёшки,название и продуктовый раздел магазина,"Хлеб, выпечка, торты",https://online.metro-cc.ru/category/hleb-vypechka-torty,189.0,/шт,торговый центр,цена в блоке торгового центра,90г; 5шт; 450г,В наличии,https://online.metro-cc.ru/products/metro-chef-lepeshka-roti-khalyal-sloyenaya-zamorozhennaya-90g-x-5sht-450g,189 д /шт от 1 шт,,,,Нет однозначной массы/объёма упаковки
2026-10-05_21-24-47_048716,2026-10-05T20:54:58+03:00,,,METRO,Москва,metro_moscow_leningradskoe_71g,"Москва и область, Ленинградское ш., 71Г",277242,"METRO Chef Лепешка Роти сырная замороженная (90г x 5шт), 450г",Хлеб и выпечка,Хлеб и лепёшки,название и продуктовый раздел магазина,"Хлеб, выпечка, торты",https://online.metro-cc.ru/category/hleb-vypechka-torty,209.0,/шт,торговый центр,цена в блоке торгового центра,90г; 5шт; 450г,В наличии,https://online.metro-cc.ru/products/metro-chef-lepeshka-roti-syrnaya-zamorozhennaya-90g-x-5sht-450g,209 д /шт от 1 шт,,,,Нет однозначной массы/объёма упаковки
2026-10-05_21-24-47_048716,2026-10-05T20:54:58+03:00,,,METRO,Москва,metro_moscow_leningradskoe_71g,"Москва и область, Ленинградское ш., 71Г",203589,"METRO Chef Лепешка Пита арабский хлеб замороженный (60г x 5шт), 300г",Хлеб и выпечка,Хлеб и лепёшки,название и продуктовый раздел магазина,"Хлеб, выпечка, торты",https://online.metro-cc.ru/category/hleb-vypechka-torty,99.9,/шт,торговый центр,цена в блоке торгового центра,60г; 5шт; 300г,В наличии,https://online.metro-cc.ru/products/5shth60g-pita-metro-chef-arabsk-hleb-zamorozhen,99.90 д /шт от 1 шт,,,,Нет однозначной массы/объёма упаковки
2026-10-05_21-24-47_048716,2026-10-05T20:54:58+03:00,,,METRO,Москва,metro_moscow_leningradskoe_71g,"Москва и область, Ленинградское ш., 71Г",211890,"Багет мини Хлебный дом Барра быстрозамороженный (110г x 2шт), 220г",Хлеб и выпечка,Хлеб и лепёшки,название и продуктовый раздел магазина,"Хлеб, выпечка, торты",https://online.metro-cc.ru/category/hleb-vypechka-torty,79.9,/шт,торговый центр,цена в блоке торгового центра,110г; 2шт; 220г,В наличии,https://online.metro-cc.ru/products/2shth110g-minibaget-hlebnyy-dom-barra-zamorozhennyy,79.90 д /шт от 1 шт,,,,Нет однозначной массы/объёма упаковки
2026-10-05_21-24-47_048716,2026-10-05T21:02:55+03:00,,,METRO,Москва,metro_moscow_leningradskoe_71g,"Москва и область, Ленинградское ш., 71Г",311378,"Масло оливковое Borges Original Extra Virgin, 1л",Бакалея,Растительное масло,название и продуктовый раздел магазина,"Бакалея, консервация",https://online.metro-cc.ru/category/bakaleya,1789.0,/шт,торговый центр,зачёркнутая цена в блоке торгового центра,1л,В наличии,https://online.metro-cc.ru/products/maslo-olivkovoe-borges-original-extra-virgin-1l,1 349 д /шт 1 789 д /шт от 1 шт,1789.0,руб/л,1.0,Пересчёт по указанной в названии массе/объёму
2026-10-05_21-24-47_048716,2026-10-05T21:02:55+03:00,,,METRO,Москва,metro_moscow_leningradskoe_71g,"Москва и область, Ленинградское ш., 71Г",348865,"Масло оливковое Monini Classico Extra Virgin нерафинированное, 1л",Бакалея,Растительное масло,название и продуктовый раздел магазина,"Бакалея, консервация",https://online.metro-cc.ru/category/bakaleya,2269.0,/шт,торговый центр,зачёркнутая цена в блоке торгового центра,1л,В наличии,https://online.metro-cc.ru/products/maslo-olivkovoye-monini-extra-vergine-classico-1l-348865,1 199 д /шт 2 269 д /шт от 1 шт,2269.0,руб/л,1.0,Пересчёт по указанной в названии массе/объёму
2026-10-05_21-24-47_048716,2026-10-05T21:02:55+03:00,,,METRO,Москва,metro_moscow_leningradskoe_71g,"Москва и область, Ленинградское ш., 71Г",469250,"Масло подсолнечное Altero Golden с добавлением оливкового масла рафинированное дезодорированное, 810мл 810мл",Бакалея,Растительное масло,название и продуктовый раздел магазина,"Бакалея, консервация",https://online.metro-cc.ru/category/bakaleya,185.0,/шт,торговый центр,зачёркнутая цена в блоке торгового центра,810мл; 810мл,В наличии,https://online.metro-cc.ru/products/maslo-podsolnechnoye-altero-golden-s-dobavleniyem-olivkovogo-810ml,159.01 д /шт 185 д /шт от 1 шт,,,,Нет однозначной массы/объёма упаковки
2026-10-05_21-24-47_048716,2026-10-05T21:02:56+03:00,,,METRO,Москва,metro_moscow_leningradskoe_71g,"Москва и область, Ленинградское ш., 71Г",327476,"Масло подсолнечное Ideal рафинированное дезодорированное, 1л",Бакалея,Растительное масло,название и продуктовый раздел магазина,"Бакалея, консервация",https://online.metro-cc.ru/category/bakaleya,184.0,/шт,торговый центр,зачёркнутая цена в блоке торгового центра,1л,В наличии,https://online.metro-cc.ru/products/maslo-podsolnechnoye-ideal-rafinirovannoye-dezodorirovannoye-1l-327476,154 д /шт 184 д /шт от 1 шт,184.0,руб/л,1.0,Пересчёт по указанной в названии массе/объёму
2026-10-05_21-24-47_048716,2026-10-05T21:02:56+03:00,,,METRO,Москва,metro_moscow_leningradskoe_71g,"Москва и область, Ленинградское ш., 71Г",458966,"Масло оливковое Filippo Berio Extra Virgin нерафинированное, 1л",Бакалея,Растительное масло,название и продуктовый раздел магазина,"Бакалея, консервация",https://online.metro-cc.ru/category/bakaleya,1699.01,/шт,торговый центр,зачёркнутая цена в блоке торгового центра,1л,В наличии,https://online.metro-cc.ru/products/maslo-olivkovoye-filippo-berio-extra-virgin-1l-458966,1 149 д /шт 1 699.01 д /шт от 1 шт,1699.01,руб/л,1.0,Пересчёт по указанной в названии массе/объёму
2026-10-05_21-24-47_048716,2026-10-05T21:02:56+03:00,,,METRO,Москва,metro_moscow_leningradskoe_71g,"Москва и область, Ленинградское ш., 71Г",319455,"Макароны La Molisana бантики, 450г",Бакалея,Макароны,название и продуктовый раздел магазина,"Бакалея, консервация",https://online.metro-cc.ru/category/bakaleya,249.0,/шт,торговый центр,зачёркнутая цена в блоке торгового центра,450г,В наличии,https://online.metro-cc.ru/products/450g-makarony-la-molisana-bantiki,199 д /шт 249 д /шт от 1 шт,553.33,руб/кг,0.45,Пересчёт по указанной в названии массе/объёму
2026-10-05_21-24-47_048716,2026-10-05T21:02:56+03:00,,,METRO,Москва,metro_moscow_leningradskoe_71g,"Москва и область, Ленинградское ш., 71Г",319457,"Макароны La Molisana перья рифленые, 450г",Бакалея,Макароны,название и продуктовый раздел магазина,"Бакалея, консервация",https://online.metro-cc.ru/category/bakaleya,249.0,/шт,торговый центр,зачёркнутая цена в блоке торгового центра,450г,В наличии,https://online.metro-cc.ru/products/450g-makarony-la-molisana-perya-riflenye,199 д /шт 249 д /шт от 1 шт,553.33,руб/кг,0.45,Пересчёт по указанной в названии массе/объёму
2026-10-05_21-24-47_048716,2026-10-05T21:02:56+03:00,,,METRO,Москва,metro_moscow_leningradskoe_71g,"Москва и область, Ленинградское ш., 71Г",319458,"Макароны La Molisana пружинки, 450г",Бакалея,Макароны,название и продуктовый раздел магазина,"Бакалея, консервация",https://online.metro-cc.ru/category/bakaleya,249.0,/шт,торговый центр,зачёркнутая цена в блоке торгового центра,450г,В наличии,https://online.metro-cc.ru/products/450g-makarony-la-molisana-pruzhinki,199 д /шт 249 д /шт от 1 шт,553.33,руб/кг,0.45,Пересчёт по указанной в названии массе/объёму
2026-10-05_21-24-47_048716,2026-10-05T21:02:56+03:00,,,METRO,Москва,metro_moscow_leningradskoe_71g,"Москва и область, Ленинградское ш., 71Г",319459,"Макароны La Molisana Спагетти, 450г",Бакалея,Макароны,название и продуктовый раздел магазина,"Бакалея, консервация",https://online.metro-cc.ru/category/bakaleya,249.0,/шт,торговый центр,зачёркнутая цена в блоке торгового центра,450г,В наличии,https://online.metro-cc.ru/products/450g-makarony-la-molisana-spagetti,199 д /шт 249 д /шт от 1 шт,553.33,руб/кг,0.45,Пересчёт по указанной в названии массе/объёму
2026-10-05_21-24-47_048716,2026-10-05T21:02:56+03:00,,,METRO,Москва,metro_moscow_leningradskoe_71g,"Москва и область, Ленинградское ш., 71Г",319461,"Макароны La Molisana Спагетти квадратные, 450г",Бакалея,Макароны,название и продуктовый раздел магазина,"Бакалея, консервация",https://online.metro-cc.ru/category/bakaleya,249.0,/шт,торговый центр,зачёркнутая цена в блоке торгового центра,450г,Наличие не подтверждено,https://online.metro-cc.ru/products/450g-makarony-la-molisana-spagetti-kvadratnye,199 д /шт 249 д /шт от 1 шт,553.33,руб/кг,0.45,Пересчёт по указанной в названии массе/объёму
2026-10-05_21-24-47_048716,2026-10-05T21:02:56+03:00,,,METRO,Москва,metro_moscow_leningradskoe_71g,"Москва и область, Ленинградское ш., 71Г",77508,"Рис Националь Лазер для плова, 800г",Бакалея,Крупы и бобовые,название и продуктовый раздел магазина,"Бакалея, консервация",https://online.metro-cc.ru/category/bakaleya,179.0,/шт,торговый центр,зачёркнутая цена в блоке торгового центра,800г,В наличии,https://online.metro-cc.ru/products/ris-natsional-lazer-dlya-plova-800g,149 д /шт 179 д /шт от 1 шт,223.75,руб/кг,0.8,Пересчёт по указанной в названии массе/объёму
2026-10-05_21-24-47_048716,2026-10-05T21:02:56+03:00,,,METRO,Москва,metro_moscow_leningradskoe_71g,"Москва и область, Ленинградское ш., 71Г",67908,"Крупа гречневая Мистраль Фермерская в пакете для варки (80г x 5шт), 400г",Бакалея,Крупы и бобовые,название и продуктовый раздел магазина,"Бакалея, консервация",https://online.metro-cc.ru/category/bakaleya,189.0,/шт,торговый центр,зачёркнутая цена в блоке торгового центра,80г; 5шт; 400г,В наличии,https://online.metro-cc.ru/products/grechnevaya-mistral-fermerskaya-yadrica-v-paketikah-5-sht-h-80-g,119 д /шт 189 д /шт от 1 шт,,,,Нет однозначной массы/объёма упаковки
2026-10-05_21-24-47_048716,2026-10-05T21:02:56+03:00,,,METRO,Москва,metro_moscow_leningradskoe_71g,"Москва и область, Ленинградское ш., 71Г",82764,"Крупа манная Makfa, 450г",Бакалея,Крупы и бобовые,название и продуктовый раздел магазина,"Бакалея, консервация",https://online.metro-cc.ru/category/bakaleya,84.9,/шт,торговый центр,зачёркнутая цена в блоке торгового центра,450г,В наличии,https://online.metro-cc.ru/products/450g-krupa-makfa-mannaya,69.90 д /шт 84.90 д /шт от 1 шт,188.67,руб/кг,0.45,Пересчёт по указанной в названии массе/объёму
2026-10-05_21-24-47_048716,2026-10-05T21:02:56+03:00,,,METRO,Москва,metro_moscow_leningradskoe_71g,"Москва и область, Ленинградское ш., 71Г",529824,"Крупа булгур Мистраль, 500г",Бакалея,Крупы и бобовые,название и продуктовый раздел магазина,"Бакалея, консервация",https://online.metro-cc.ru/category/bakaleya,154.0,/шт,торговый центр,зачёркнутая цена в блоке торгового центра,500г,В наличии,https://online.metro-cc.ru/products/bulgur-mistral-500g,99.90 д /шт 154 д /шт от 1 шт,308.0,руб/кг,0.5,Пересчёт по указанной в названии массе/объёму
2026-10-05_21-24-47_048716,2026-10-05T21:02:56+03:00,,,METRO,Москва,metro_moscow_leningradskoe_71g,"Москва и область, Ленинградское ш., 71Г",82722,"Булгур Makfa, 450г",Бакалея,Прочая бакалея,категория магазина,"Бакалея, консервация",https://online.metro-cc.ru/category/bakaleya,119.0,/шт,торговый центр,зачёркнутая цена в блоке торгового центра,450г,В наличии,https://online.metro-cc.ru/products/450g-bulgur-makfa,99.90 д /шт 119 д /шт от 1 шт,264.44,руб/кг,0.45,Пересчёт по указанной в названии массе/объёму
2026-10-05_21-24-47_048716,2026-10-05T21:02:56+03:00,,,METRO,Москва,metro_moscow_leningradskoe_71g,"Москва и область, Ленинградское ш., 71Г",133229,"Разрыхлитель теста Dr.Bakers Professional, 500г",Бакалея,Мука и выпечка,название и продуктовый раздел магазина,"Бакалея, консервация",https://online.metro-cc.ru/category/bakaleya,379.01,/шт,торговый центр,зачёркнутая цена в блоке торгового центра,500г,В наличии,https://online.metro-cc.ru/products/razryhlitel-testa-droetker-professional-500g,339 д /шт 379.01 д /шт от 1 шт,758.02,руб/кг,0.5,Пересчёт по указанной в названии массе/объёму
2026-10-05_21-24-47_048716,2026-10-05T21:02:56+03:00,,,METRO,Москва,metro_moscow_leningradskoe_71g,"Москва и область, Ленинградское ш., 71Г",584311,"Разрыхлитель теста Dr.Bakers с ароматом ванили, 16г",Бакалея,Мука и выпечка,название и продуктовый раздел магазина,"Бакалея, консервация",https://online.metro-cc.ru/category/bakaleya,49.9,/шт,торговый центр,зачёркнутая цена в блоке торгового центра,16г,В наличии,https://online.metro-cc.ru/products/razryhlitel-testa-droetker-s-aromatom-vanili-16g,39.89 д /шт 49.90 д /шт от 1 шт,3118.75,руб/кг,0.016,Пересчёт по указанной в названии массе/объёму
2026-10-05_21-24-47_048716,2026-10-05T21:02:56+03:00,,,METRO,Москва,metro_moscow_leningradskoe_71g,"Москва и область, Ленинградское ш., 71Г",133197,"Сахар ванильный Dr.Bakers Professional, 500г",Бакалея,Сахар и соль,название и продуктовый раздел магазина,"Бакалея, консервация",https://online.metro-cc.ru/category/bakaleya,279.0,/шт,торговый центр,зачёркнутая цена в блоке торгового центра,500г,В наличии,https://online.metro-cc.ru/products/sahar-vanilnyy-droetker-professional-500g,249 д /шт 279 д /шт от 1 шт,558.0,руб/кг,0.5,Пересчёт по указанной в названии массе/объёму
2026-10-05_21-24-47_048716,2026-10-05T21:02:56+03:00,,,METRO,Москва,metro_moscow_leningradskoe_71g,"Москва и область, Ленинградское ш., 71Г",202876,"METRO Chef Сахарная пудра, 1кг",Бакалея,Прочая бакалея,категория магазина,"Бакалея, консервация",https://online.metro-cc.ru/category/bakaleya,209.0,/шт,торговый центр,цена в блоке торгового центра,1кг,В наличии,https://online.metro-cc.ru/products/1kg-saharnaya-pudra-metro-chef,209 д /шт от 1 шт,209.0,руб/кг,1.0,Пересчёт по указанной в названии массе/объёму
2026-10-05_21-24-47_048716,2026-10-05T21:02:56+03:00,,,METRO,Москва,metro_moscow_leningradskoe_71g,"Москва и область, Ленинградское ш., 71Г",205305,"METRO Chef Сахарная пудра, 300г",Бакалея,Прочая бакалея,категория магазина,"Бакалея, консервация",https://online.metro-cc.ru/category/bakaleya,67.9,/шт,торговый центр,цена в блоке торгового центра,300г,В наличии,https://online.metro-cc.ru/products/300g-pudra-saharnaya-metro-chef,67.90 д /шт от 1 шт,226.33,руб/кг,0.3,Пересчёт по указанной в названии массе/объёму
2026-10-05_21-24-47_048716,2026-10-05T21:02:56+03:00,,,METRO,Москва,metro_moscow_leningradskoe_71g,"Москва и область, Ленинградское ш., 71Г",82699,"Кориандр Kotanyi молотый, 30г",Бакалея,Прочая бакалея,категория магазина,"Бакалея, консервация",https://online.metro-cc.ru/category/bakaleya,108.99,/шт,торговый центр,зачёркнутая цена в блоке торгового центра,30г,Наличие не подтверждено,https://online.metro-cc.ru/products/30g-koriandr-kotanyi-molotyy,69.91 д /шт 108.99 д /шт от 1 шт,3633.0,руб/кг,0.03,Пересчёт по указанной в названии массе/объёму
2026-10-05_21-24-47_048716,2026-10-05T21:02:56+03:00,,,METRO,Москва,metro_moscow_leningradskoe_71g,"Москва и область, Ленинградское ш., 71Г",101578,"METRO Chef Чеснок гранулированный, 670г",Овощи и фрукты,Овощи,название,"Бакалея, консервация",https://online.metro-cc.ru/category/bakaleya,999.0,/шт,торговый центр,зачёркнутая цена в блоке торгового центра,670г,В наличии,https://online.metro-cc.ru/products/chesnok-granulirovannyj-metro-chef-670g,949 д /шт 999 д /шт от 1 шт,1491.04,руб/кг,0.67,Пересчёт по указанной в названии массе/объёму
2026-10-05_21-24-47_048716,2026-10-05T21:02:56+03:00,,,METRO,Москва,metro_moscow_leningradskoe_71g,"Москва и область, Ленинградское ш., 71Г",147711,"Приправа Kotanyi Для курицы и индейки, 30г",Бакалея,Соусы и специи,название и продуктовый раздел магазина,"Бакалея, консервация",https://online.metro-cc.ru/category/bakaleya,84.9,/шт,торговый центр,зачёркнутая цена в блоке торгового центра,30г,В наличии,https://online.metro-cc.ru/products/priprava-kotanyi-dlya-kuritsy-i-indeyki-30g,67.90 д /шт 84.90 д /шт от 1 шт,2830.0,руб/кг,0.03,Пересчёт по указанной в названии массе/объёму
2026-10-05_21-24-47_048716,2026-10-05T21:02:56+03:00,,,METRO,Москва,metro_moscow_leningradskoe_71g,"Москва и область, Ленинградское ш., 71Г",617622,"Перец Kotanyi черный молотый, 20г",Бакалея,Соусы и специи,название и продуктовый раздел магазина,"Бакалея, консервация",https://online.metro-cc.ru/category/bakaleya,99.91,/шт,торговый центр,зачёркнутая цена в блоке торгового центра,20г,В наличии,https://online.metro-cc.ru/products/perec-chernyj-kotanyi-molotyj-20g,89.90 д /шт 99.91 д /шт от 1 шт,4995.5,руб/кг,0.02,Пересчёт по указанной в названии массе/объёму
2026-10-05_21-24-47_048716,2026-10-05T21:02:56+03:00,,,METRO,Москва,metro_moscow_leningradskoe_71g,"Москва и область, Ленинградское ш., 71Г",96436,"METRO Chef Корица молотая, 400г",Бакалея,Прочая бакалея,категория магазина,"Бакалея, консервация",https://online.metro-cc.ru/category/bakaleya,699.0,/шт,торговый центр,зачёркнутая цена в блоке торгового центра,400г,В наличии,https://online.metro-cc.ru/products/korica-metro-chef-molotaya-400-g,659 д /шт 699 д /шт от 1 шт,1747.5,руб/кг,0.4,Пересчёт по указанной в названии массе/объёму
2026-10-05_21-24-47_048716,2026-10-05T21:02:56+03:00,,,METRO,Москва,metro_moscow_leningradskoe_71g,"Москва и область, Ленинградское ш., 71Г",121237,"METRO Chef Огурцы маринованные Хрустящие корнишоны, 680г",Бакалея,Консервы и соленья,название и продуктовый раздел магазина,"Бакалея, консервация",https://online.metro-cc.ru/category/bakaleya,198.99,/шт,торговый центр,зачёркнутая цена в блоке торгового центра,680г,В наличии,https://online.metro-cc.ru/products/680g-kornishony-metro-chef-marinovannye,189.91 д /шт 198.99 д /шт от 1 шт,292.63,руб/кг,0.68,Пересчёт по указанной в названии массе/объёму
2026-10-05_21-24-47_048716,2026-10-05T21:02:56+03:00,,,METRO,Москва,metro_moscow_leningradskoe_71g,"Москва и область, Ленинградское ш., 71Г",236614,"Маслины Federici Крупные без косточки, 350г",Бакалея,Консервы и соленья,название и продуктовый раздел магазина,"Бакалея, консервация",https://online.metro-cc.ru/category/bakaleya,269.0,/шт,торговый центр,цена в блоке торгового центра,350г,В наличии,https://online.metro-cc.ru/products/350g-masliny-federici-krupnye-bez-kostochki,269 д /шт от 1 шт,768.57,руб/кг,0.35,Пересчёт по указанной в названии массе/объёму
2026-10-05_21-24-47_048716,2026-10-05T21:02:56+03:00,,,METRO,Москва,metro_moscow_leningradskoe_71g,"Москва и область, Ленинградское ш., 71Г",208252,"Тунец Пеликан Для салатов в собственном соку, 185г",Рыба и морепродукты,Рыба,название,"Бакалея, консервация",https://online.metro-cc.ru/category/bakaleya,189.0,/шт,торговый центр,зачёркнутая цена в блоке торгового центра,185г,В наличии,https://online.metro-cc.ru/products/185g-tunets-v-sobstvennom-soku-pelikan-dlya-salatov,109 д /шт 189 д /шт от 1 шт,1021.62,руб/кг,0.185,Пересчёт по указанной в названии массе/объёму
2026-10-05_21-24-47_048716,2026-10-05T21:02:56+03:00,,,METRO,Москва,metro_moscow_leningradskoe_71g,"Москва и область, Ленинградское ш., 71Г",223955,"Кукуруза Бондюэль сладкая, 170г",Алкоголь,Пиво,название,"Бакалея, консервация",https://online.metro-cc.ru/category/bakaleya,119.0,/шт,торговый центр,зачёркнутая цена в блоке торгового центра,170г,В наличии,https://online.metro-cc.ru/products/170g-kukuruza-bonduelle-sladkaya,94.90 д /шт 119 д /шт от 1 шт,700.0,руб/кг,0.17,Пересчёт по указанной в названии массе/объёму
2026-10-05_21-24-47_048716,2026-10-05T21:02:56+03:00,,,METRO,Москва,metro_moscow_leningradskoe_71g,"Москва и область, Ленинградское ш., 71Г",236612,"Маслины Federici без косточки, 300г",Бакалея,Консервы и соленья,название и продуктовый раздел магазина,"Бакалея, консервация",https://online.metro-cc.ru/category/bakaleya,199.01,/шт,торговый центр,цена в блоке торгового центра,300г,В наличии,https://online.metro-cc.ru/products/300g-masliny-federici-bez-kostochki,199.01 д /шт от 1 шт,663.37,руб/кг,0.3,Пересчёт по указанной в названии массе/объёму
2026-10-05_21-24-47_048716,2026-10-05T21:03:03+03:00,,,METRO,Москва,metro_moscow_leningradskoe_71g,"Москва и область, Ленинградское ш., 71Г",114570,"Чипсы Lay's Краб, 225г",Сладости и перекусы,Снеки,название и продуктовый раздел магазина,"Чипсы, снеки, орехи",https://online.metro-cc.ru/category/chipsy-sneki-orehi,265.0,/шт,торговый центр,цена в блоке торгового центра,225г,В наличии,https://online.metro-cc.ru/products/225g-chipsy-lays-krab,265 д /шт от 1 шт,1177.78,руб/кг,0.225,Пересчёт по указанной в названии массе/объёму
2026-10-05_21-24-47_048716,2026-10-05T21:03:03+03:00,,,METRO,Москва,metro_moscow_leningradskoe_71g,"Москва и область, Ленинградское ш., 71Г",367216,"Чипсы Midori Нори в кунжутном масле, 5г",Сладости и перекусы,Снеки,название и продуктовый раздел магазина,"Чипсы, снеки, орехи",https://online.metro-cc.ru/category/chipsy-sneki-orehi,67.89,/шт,торговый центр,цена в блоке торгового центра,5г,В наличии,https://online.metro-cc.ru/products/chipsy-midori-nori-v-kunzhutnom-masle-5g-367216,67.89 д /шт от 1 шт,13578.0,руб/кг,0.005,Пересчёт по указанной в названии массе/объёму
2026-10-05_21-24-47_048716,2026-10-05T21:03:03+03:00,,,METRO,Москва,metro_moscow_leningradskoe_71g,"Москва и область, Ленинградское ш., 71Г",499329,"Чипсы нори Midori в оливковом масле, 5г",Сладости и перекусы,Снеки,название и продуктовый раздел магазина,"Чипсы, снеки, орехи",https://online.metro-cc.ru/category/chipsy-sneki-orehi,67.89,/шт,торговый центр,цена в блоке торгового центра,5г,В наличии,https://online.metro-cc.ru/products/midori-iz-morskoj-kapusty-v-olivkovom-masle-nori-5g,67.89 д /шт от 1 шт,13578.0,руб/кг,0.005,Пересчёт по указанной в названии массе/объёму
2026-10-05_21-24-47_048716,2026-10-05T21:03:03+03:00,,,METRO,Москва,metro_moscow_leningradskoe_71g,"Москва и область, Ленинградское ш., 71Г",543915,"Сухарики Хрусteam Багет сырное ассорти, 60г",Сладости и перекусы,Печенье и вафли,название и продуктовый раздел магазина,"Чипсы, снеки, орехи",https://online.metro-cc.ru/category/chipsy-sneki-orehi,52.9,/шт,торговый центр,цена в блоке торгового центра,60г,В наличии,https://online.metro-cc.ru/products/hrusteam-baget-syrnoe-assorti-60-g,52.90 д /шт от 1 шт,881.67,руб/кг,0.06,Пересчёт по указанной в названии массе/объёму
2026-10-05_21-24-47_048716,2026-10-05T21:03:03+03:00,,,METRO,Москва,metro_moscow_leningradskoe_71g,"Москва и область, Ленинградское ш., 71Г",43763,"Чипсы Lay's Лисички в сметане из печи, 81г",Сладости и перекусы,Снеки,название и продуктовый раздел магазина,"Чипсы, снеки, орехи",https://online.metro-cc.ru/category/chipsy-sneki-orehi,134.0,/шт,торговый центр,цена в блоке торгового центра,81г,В наличии,https://online.metro-cc.ru/products/81g-chipsy-lays-iz-pechi-lisichki-v-smetane-43763,134 д /шт от 1 шт,1654.32,руб/кг,0.081,Пересчёт по указанной в названии массе/объёму
2026-10-05_21-24-47_048716,2026-10-05T21:03:03+03:00,,,METRO,Москва,metro_moscow_leningradskoe_71g,"Москва и область, Ленинградское ш., 71Г",81133,"METRO Chef Арахис в карамели, 150г",Сладости и перекусы,Орехи и семечки,название и продуктовый раздел магазина,"Чипсы, снеки, орехи",https://online.metro-cc.ru/category/chipsy-sneki-orehi,98.99,/шт,торговый центр,зачёркнутая цена в блоке торгового центра,150г,В наличии,https://online.metro-cc.ru/products/arahis-metro-chef-v-karameli-150-g-81133,79.90 д /шт 98.99 д /шт от 1 шт,659.93,руб/кг,0.15,Пересчёт по указанной в названии массе/объёму
2026-10-05_21-24-47_048716,2026-10-05T21:03:03+03:00,,,METRO,Москва,metro_moscow_leningradskoe_71g,"Москва и область, Ленинградское ш., 71Г",125337,"METRO Chef Грецкий орех очищенный, 150г",Сладости и перекусы,Орехи и семечки,название и продуктовый раздел магазина,"Чипсы, снеки, орехи",https://online.metro-cc.ru/category/chipsy-sneki-orehi,249.0,/шт,торговый центр,цена в блоке торгового центра,150г,В наличии,https://online.metro-cc.ru/products/150g-greckij-metro-chef-ochischennyj,249 д /шт от 1 шт,1660.0,руб/кг,0.15,Пересчёт по указанной в названии массе/объёму
2026-10-05_21-24-47_048716,2026-10-05T21:03:03+03:00,,,METRO,Москва,metro_moscow_leningradskoe_71g,"Москва и область, Ленинградское ш., 71Г",129469,"RIOBA Миндаль жареный, 50г",Сладости и перекусы,Орехи и семечки,название и продуктовый раздел магазина,"Чипсы, снеки, орехи",https://online.metro-cc.ru/category/chipsy-sneki-orehi,119.0,/шт,торговый центр,цена в блоке торгового центра,50г,В наличии,https://online.metro-cc.ru/products/rioba-mindal-zharenyj-50g,119 д /шт от 1 шт,2380.0,руб/кг,0.05,Пересчёт по указанной в названии массе/объёму
2026-10-05_21-24-47_048716,2026-10-05T21:03:03+03:00,,,METRO,Москва,metro_moscow_leningradskoe_71g,"Москва и область, Ленинградское ш., 71Г",75367,"METRO Chef Грецкий орех очищенный, 500г",Сладости и перекусы,Орехи и семечки,название и продуктовый раздел магазина,"Чипсы, снеки, орехи",https://online.metro-cc.ru/category/chipsy-sneki-orehi,678.99,/шт,торговый центр,цена в блоке торгового центра,500г,В наличии,https://online.metro-cc.ru/products/greckij-metro-chef-ochischennyj-500-g-75367,678.99 д /шт от 1 шт,1357.98,руб/кг,0.5,Пересчёт по указанной в названии массе/объёму
2026-10-05_21-24-47_048716,2026-10-05T21:03:03+03:00,,,METRO,Москва,metro_moscow_leningradskoe_71g,"Москва и область, Ленинградское ш., 71Г",87474,"METRO Chef Арахис жареный соленый, 500г",Сладости и перекусы,Орехи и семечки,название и продуктовый раздел магазина,"Чипсы, снеки, орехи",https://online.metro-cc.ru/category/chipsy-sneki-orehi,285.99,/шт,торговый центр,цена в блоке торгового центра,500г,Наличие не подтверждено,https://online.metro-cc.ru/products/arahis-metro-chef-zharenyj-solenyj-500-g-87474,285.99 д /шт от 1 шт,571.98,руб/кг,0.5,Пересчёт по указанной в названии массе/объёму
2026-10-05_21-24-47_048716,2026-10-05T21:03:20+03:00,,,METRO,Москва,metro_moscow_leningradskoe_71g,"Москва и область, Ленинградское ш., 71Г",214900,"Пицца Zotman Маргарита замороженная, 390г",Готовая еда и полуфабрикаты,Пицца,название и категория магазина,Готовая еда,https://online.metro-cc.ru/category/gotovye-bljuda-polufabrikaty,599.01,/шт,торговый центр,зачёркнутая цена в блоке торгового центра,390г,В наличии,https://online.metro-cc.ru/products/390g-pitstsa-zotman-margarita-zamorozhennaya,459 д /шт 599.01 д /шт от 1 шт,1535.92,руб/кг,0.39,Пересчёт по указанной в названии массе/объёму
2026-10-05_21-24-47_048716,2026-10-05T21:03:20+03:00,,,METRO,Москва,metro_moscow_leningradskoe_71g,"Москва и область, Ленинградское ш., 71Г",659104,"Пельмени Сибирская коллекция Фирменные замороженные, 700г",Готовая еда и полуфабрикаты,Пельмени и вареники,название и категория магазина,Готовая еда,https://online.metro-cc.ru/category/gotovye-bljuda-polufabrikaty,529.0,/шт,торговый центр,зачёркнутая цена в блоке торгового центра,700г,В наличии,https://online.metro-cc.ru/products/sibirskaya-kollekciya-firmennye-700g,299 д /шт 529 д /шт от 1 шт,755.71,руб/кг,0.7,Пересчёт по указанной в названии массе/объёму
2026-10-05_21-24-47_048716,2026-10-05T21:03:20+03:00,,,METRO,Москва,metro_moscow_leningradskoe_71g,"Москва и область, Ленинградское ш., 71Г",240825,"Пельмени Мираторг со сливочным маслом замороженные, 700г",Готовая еда и полуфабрикаты,Пельмени и вареники,название и категория магазина,Готовая еда,https://online.metro-cc.ru/category/gotovye-bljuda-polufabrikaty,469.0,/шт,торговый центр,зачёркнутая цена в блоке торгового центра,700г,В наличии,https://online.metro-cc.ru/products/pelmeni-miratorg-so-slivochnym-maslom-zamorozhennye-700g,279 д /шт 469 д /шт от 1 шт,670.0,руб/кг,0.7,Пересчёт по указанной в названии массе/объёму
2026-10-05_21-24-47_048716,2026-10-05T21:03:20+03:00,,,METRO,Москва,metro_moscow_leningradskoe_71g,"Москва и область, Ленинградское ш., 71Г",471213,"Пельмени Останкино замороженные, 500г",Готовая еда и полуфабрикаты,Пельмени и вареники,название и категория магазина,Готовая еда,https://online.metro-cc.ru/category/gotovye-bljuda-polufabrikaty,169.0,/шт,торговый центр,зачёркнутая цена в блоке торгового центра,500г,В наличии,https://online.metro-cc.ru/products/pelmeni-ostankino-zamorozhennyye-500g,139 д /шт 169 д /шт от 1 шт,338.0,руб/кг,0.5,Пересчёт по указанной в названии массе/объёму
2026-10-05_21-24-47_048716,2026-10-05T21:03:20+03:00,,,METRO,Москва,metro_moscow_leningradskoe_71g,"Москва и область, Ленинградское ш., 71Г",110594,"Пицца La Trattoria Четыре сыра замороженная, 335г",Готовая еда и полуфабрикаты,Пицца,название и категория магазина,Готовая еда,https://online.metro-cc.ru/category/gotovye-bljuda-polufabrikaty,299.0,/шт,торговый центр,зачёркнутая цена в блоке торгового центра,335г,Наличие не подтверждено,https://online.metro-cc.ru/products/picca-la-trattoria-chetyre-syra-zamorozhennaya-335-g,219 д /шт 299 д /шт от 1 шт,892.54,руб/кг,0.335,Пересчёт по указанной в названии массе/объёму
2026-10-05_21-24-47_048716,2026-10-05T21:03:20+03:00,,,METRO,Москва,metro_moscow_leningradskoe_71g,"Москва и область, Ленинградское ш., 71Г",125734,"Каша Creative Kitchen рисовая, 250г",Готовая еда и полуфабрикаты,Готовая еда,категория магазина,Готовая еда,https://online.metro-cc.ru/category/gotovye-bljuda-polufabrikaty,119.0,/шт,торговый центр,цена в блоке торгового центра,250г,Наличие не подтверждено,https://online.metro-cc.ru/products/250g-kasha-risovaya-creative-kitchen,119 д /шт от 1 шт,476.0,руб/кг,0.25,Пересчёт по указанной в названии массе/объёму
2026-10-05_21-24-47_048716,2026-10-05T21:03:20+03:00,,,METRO,Москва,metro_moscow_leningradskoe_71g,"Москва и область, Ленинградское ш., 71Г",78165,"Конвертики Creative Kitchen Крем-чиз и малина, 140г",Готовая еда и полуфабрикаты,Готовая еда,категория магазина,Готовая еда,https://online.metro-cc.ru/category/gotovye-bljuda-polufabrikaty,195.0,/шт,торговый центр,цена в блоке торгового центра,140г,Наличие не подтверждено,https://online.metro-cc.ru/products/140g-konvertiki-creative-kitchen-krem-chiz-i-malina,195 д /шт от 1 шт,1392.86,руб/кг,0.14,Пересчёт по указанной в названии массе/объёму
2026-10-05_21-24-47_048716,2026-10-05T21:03:20+03:00,,,METRO,Москва,metro_moscow_leningradskoe_71g,"Москва и область, Ленинградское ш., 71Г",93503,"Блины NaturBuffet Браво шеф курица и грибы, 180г",Готовая еда и полуфабрикаты,Готовая еда,категория магазина,Готовая еда,https://online.metro-cc.ru/category/gotovye-bljuda-polufabrikaty,159.01,/шт,торговый центр,цена в блоке торгового центра,180г,Наличие не подтверждено,https://online.metro-cc.ru/products/180g-bliny-naturbuffet-bravo-shef-kuritsagriby,159.01 д /шт от 1 шт,883.39,руб/кг,0.18,Пересчёт по указанной в названии массе/объёму
2026-10-05_21-24-47_048716,2026-10-05T21:03:20+03:00,,,METRO,Москва,metro_moscow_leningradskoe_71g,"Москва и область, Ленинградское ш., 71Г",256232,"Хумус AmFood вяленые помидоры с прованскими травами, 200г",Готовая еда и полуфабрикаты,Готовая еда,категория магазина,Готовая еда,https://online.metro-cc.ru/category/gotovye-bljuda-polufabrikaty,179.0,/шт,торговый центр,зачёркнутая цена в блоке торгового центра,200г,В наличии,https://online.metro-cc.ru/products/200g-humus-amfood-vyal-pomidoryprovans-travy-stb,139 д /шт 179 д /шт от 1 шт,895.0,руб/кг,0.2,Пересчёт по указанной в названии массе/объёму
2026-10-05_21-24-47_048716,2026-10-05T21:03:20+03:00,,,METRO,Москва,metro_moscow_leningradskoe_71g,"Москва и область, Ленинградское ш., 71Г",532145,"Хумус Sababa Рецепт из Иерусалима, 300г",Готовая еда и полуфабрикаты,Готовая еда,категория магазина,Готовая еда,https://online.metro-cc.ru/category/gotovye-bljuda-polufabrikaty,329.0,/шт,торговый центр,цена в блоке торгового центра,300г,В наличии,https://online.metro-cc.ru/products/humus-sababa-recept-iz-ierusalima-300g,329 д /шт от 1 шт,1096.67,руб/кг,0.3,Пересчёт по указанной в названии массе/объёму
2026-10-05_21-24-47_048716,2026-10-05T21:03:20+03:00,,,METRO,Москва,metro_moscow_leningradskoe_71g,"Москва и область, Ленинградское ш., 71Г",532144,"Хумус Sababa Рецепт из Назарета, 300г",Готовая еда и полуфабрикаты,Готовая еда,категория магазина,Готовая еда,https://online.metro-cc.ru/category/gotovye-bljuda-polufabrikaty,329.0,/шт,торговый центр,цена в блоке торгового центра,300г,В наличии,https://online.metro-cc.ru/products/humus-sababa-recept-iz-nazareta-300g,329 д /шт от 1 шт,1096.67,руб/кг,0.3,Пересчёт по указанной в названии массе/объёму
2026-10-05_21-24-47_048716,2026-10-05T21:03:20+03:00,,,METRO,Москва,metro_moscow_leningradskoe_71g,"Москва и область, Ленинградское ш., 71Г",203783,"Хумус Sababa чили пикантный, 300г",Готовая еда и полуфабрикаты,Готовая еда,категория магазина,Готовая еда,https://online.metro-cc.ru/category/gotovye-bljuda-polufabrikaty,329.0,/шт,торговый центр,цена в блоке торгового центра,300г,В наличии,https://online.metro-cc.ru/products/300g-humus-sababa-chili-pikantnyy,329 д /шт от 1 шт,1096.67,руб/кг,0.3,Пересчёт по указанной в названии массе/объёму
2026-10-05_21-24-47_048716,2026-10-05T21:03:20+03:00,,,METRO,Москва,metro_moscow_leningradskoe_71g,"Москва и область, Ленинградское ш., 71Г",98706,"Антипасти Burenka Club рыжий перчик с мягким сыром, 280г",Готовая еда и полуфабрикаты,Готовая еда,категория магазина,Готовая еда,https://online.metro-cc.ru/category/gotovye-bljuda-polufabrikaty,429.0,/шт,торговый центр,зачёркнутая цена в блоке торгового центра,280г,В наличии,https://online.metro-cc.ru/products/280g-antipasti-buryonka-club-ryzhiy-perchik-c-myagkim-syrom,369 д /шт 429 д /шт от 1 шт,1532.14,руб/кг,0.28,Пересчёт по указанной в названии массе/объёму
2026-10-05_21-24-47_048716,2026-10-05T21:03:20+03:00,,,METRO,Москва,metro_moscow_leningradskoe_71g,"Москва и область, Ленинградское ш., 71Г",146143,"Основа для пиццы Pinsa Romana Фреска лунго охлажденная, 200г",Готовая еда и полуфабрикаты,Пицца,название и категория магазина,Готовая еда,https://online.metro-cc.ru/category/gotovye-bljuda-polufabrikaty,199.0,/шт,торговый центр,цена в блоке торгового центра,200г,Наличие не подтверждено,https://online.metro-cc.ru/products/osnova-dlya-pitstsy-pinsa-romana-freska-lungo-ohlazhdennaya-200g,199 д /шт от 1 шт,995.0,руб/кг,0.2,Пересчёт по указанной в названии массе/объёму
2026-10-05_21-24-47_048716,2026-10-05T21:03:20+03:00,,,METRO,Москва,metro_moscow_leningradskoe_71g,"Москва и область, Ленинградское ш., 71Г",146145,"Пицца Pinsa Romana сырное ассорти охлажденная, 390г",Готовая еда и полуфабрикаты,Пицца,название и категория магазина,Готовая еда,https://online.metro-cc.ru/category/gotovye-bljuda-polufabrikaty,469.0,/шт,торговый центр,цена в блоке торгового центра,390г,В наличии,https://online.metro-cc.ru/products/pitstsa-pinsa-romana-syrnoe-assorti-ohlazhdennaya-390g,469 д /шт от 1 шт,1202.56,руб/кг,0.39,Пересчёт по указанной в названии массе/объёму
2026-10-05_21-24-47_048716,2026-10-05T21:03:20+03:00,,,METRO,Москва,metro_moscow_leningradskoe_71g,"Москва и область, Ленинградское ш., 71Г",146169,"Пицца Pinsa Romana Саляме пиканте охлажденная, 390г",Готовая еда и полуфабрикаты,Пицца,название и категория магазина,Готовая еда,https://online.metro-cc.ru/category/gotovye-bljuda-polufabrikaty,519.0,/шт,торговый центр,цена в блоке торгового центра,390г,В наличии,https://online.metro-cc.ru/products/pitstsa-pinsa-romana-salyame-pikante-ohlazhdennaya-390g,519 д /шт от 1 шт,1330.77,руб/кг,0.39,Пересчёт по указанной в названии массе/объёму
2026-10-05_21-24-47_048716,2026-10-05T21:03:20+03:00,,,METRO,Москва,metro_moscow_leningradskoe_71g,"Москва и область, Ленинградское ш., 71Г",146248,"Пицца Pinsa Romana Маргарита охлажденная, 390г",Готовая еда и полуфабрикаты,Пицца,название и категория магазина,Готовая еда,https://online.metro-cc.ru/category/gotovye-bljuda-polufabrikaty,419.0,/шт,торговый центр,цена в блоке торгового центра,390г,В наличии,https://online.metro-cc.ru/products/pitstsa-pinsa-romana-margarita-ohlazhdennaya-390g,419 д /шт от 1 шт,1074.36,руб/кг,0.39,Пересчёт по указанной в названии массе/объёму
2026-10-05_21-24-47_048716,2026-10-05T21:03:20+03:00,,,METRO,Москва,metro_moscow_leningradskoe_71g,"Москва и область, Ленинградское ш., 71Г",229941,"Чиабатта Мираторг с ветчиной в горчичном соусе, 190г",Готовая еда и полуфабрикаты,Готовая еда,категория магазина,Готовая еда,https://online.metro-cc.ru/category/gotovye-bljuda-polufabrikaty,189.0,/шт,торговый центр,цена в блоке торгового центра,190г,Наличие не подтверждено,https://online.metro-cc.ru/products/190g-chiabatta-miratorg-s-vetchinoy-v-gorchnom-sousom,189 д /шт от 1 шт,994.74,руб/кг,0.19,Пересчёт по указанной в названии массе/объёму
2026-10-05_21-24-47_048716,2026-10-05T21:03:20+03:00,,,METRO,Москва,metro_moscow_leningradskoe_71g,"Москва и область, Ленинградское ш., 71Г",125739,"Суп Creative Kitchen пюре грибной, 300г",Готовая еда и полуфабрикаты,Готовая еда,категория магазина,Готовая еда,https://online.metro-cc.ru/category/gotovye-bljuda-polufabrikaty,245.0,/шт,торговый центр,цена в блоке торгового центра,300г,Наличие не подтверждено,https://online.metro-cc.ru/products/300g-pyure-creative-kitchen-gribnoj,245 д /шт от 1 шт,816.67,руб/кг,0.3,Пересчёт по указанной в названии массе/объёму
2026-10-05_21-24-47_048716,2026-10-05T21:03:20+03:00,,,METRO,Москва,metro_moscow_leningradskoe_71g,"Москва и область, Ленинградское ш., 71Г",145619,"Гуляш Ближние горки по-домашнему, 400г",Готовая еда и полуфабрикаты,Готовая еда,категория магазина,Готовая еда,https://online.metro-cc.ru/category/gotovye-bljuda-polufabrikaty,619.0,/шт,торговый центр,зачёркнутая цена в блоке торгового центра,400г,Наличие не подтверждено,https://online.metro-cc.ru/products/gulyash-blizhnie-gorki-po-domashnemu-400g,369 д /шт 619 д /шт от 1 шт,1547.5,руб/кг,0.4,Пересчёт по указанной в названии массе/объёму
2026-10-05_21-24-47_048716,2026-10-05T21:03:20+03:00,,,METRO,Москва,metro_moscow_leningradskoe_71g,"Москва и область, Ленинградское ш., 71Г",145692,"Печень Ближние горки в сливочном соусе, 400г",Готовая еда и полуфабрикаты,Готовая еда,категория магазина,Готовая еда,https://online.metro-cc.ru/category/gotovye-bljuda-polufabrikaty,439.0,/шт,торговый центр,зачёркнутая цена в блоке торгового центра,400г,Наличие не подтверждено,https://online.metro-cc.ru/products/pechen-blizhnie-gorki-v-slivochnom-souse-400g,299 д /шт 439 д /шт от 1 шт,1097.5,руб/кг,0.4,Пересчёт по указанной в названии массе/объёму
2026-10-05_21-24-47_048716,2026-10-05T21:03:20+03:00,,,METRO,Москва,metro_moscow_leningradskoe_71g,"Москва и область, Ленинградское ш., 71Г",145525,"Мясо Ближние горки в соусе болоньезе, 400г",Готовая еда и полуфабрикаты,Готовая еда,категория магазина,Готовая еда,https://online.metro-cc.ru/category/gotovye-bljuda-polufabrikaty,639.0,/шт,торговый центр,зачёркнутая цена в блоке торгового центра,400г,Наличие не подтверждено,https://online.metro-cc.ru/products/myaso-blizhnie-gorki-v-souse-boloneze-400g,389 д /шт 639 д /шт от 1 шт,1597.5,руб/кг,0.4,Пересчёт по указанной в названии массе/объёму
2026-10-05_21-24-47_048716,2026-10-05T21:03:20+03:00,,,METRO,Москва,metro_moscow_leningradskoe_71g,"Москва и область, Ленинградское ш., 71Г",235122,"Фрикадельки Мираторг с гречкой под красным соусом, 260г",Готовая еда и полуфабрикаты,Готовая еда,категория магазина,Готовая еда,https://online.metro-cc.ru/category/gotovye-bljuda-polufabrikaty,199.0,/шт,торговый центр,зачёркнутая цена в блоке торгового центра,260г,Наличие не подтверждено,https://online.metro-cc.ru/products/frikadelki-miratorg-s-grechkoy-pod-krasnym-sousom-260g,169 д /шт 199 д /шт от 1 шт,765.38,руб/кг,0.26,Пересчёт по указанной в названии массе/объёму
2026-10-05_21-24-47_048716,2026-10-05T21:03:20+03:00,,,METRO,Москва,metro_moscow_leningradskoe_71g,"Москва и область, Ленинградское ш., 71Г",226725,"Паста Мираторг карбонара с сыром и беконом, 260г",Готовая еда и полуфабрикаты,Готовая еда,категория магазина,Готовая еда,https://online.metro-cc.ru/category/gotovye-bljuda-polufabrikaty,199.0,/шт,торговый центр,зачёркнутая цена в блоке торгового центра,260г,Наличие не подтверждено,https://online.metro-cc.ru/products/260g-pasta-miratorg-karbonara-s-syrom-i-bekonom,169 д /шт 199 д /шт от 1 шт,765.38,руб/кг,0.26,Пересчёт по указанной в названии массе/объёму
2026-10-05_21-24-47_048716,2026-10-05T21:03:20+03:00,,,METRO,Москва,metro_moscow_leningradskoe_71g,"Москва и область, Ленинградское ш., 71Г",348974,"Салат Fresh Secret спаржа по-корейски, 400г",Готовая еда и полуфабрикаты,Готовая еда,категория магазина,Готовая еда,https://online.metro-cc.ru/category/gotovye-bljuda-polufabrikaty,249.0,/шт,торговый центр,цена в блоке торгового центра,400г,В наличии,https://online.metro-cc.ru/products/salat-fresh-secret-sparzha-po-korejski-400-g,249 д /шт от 1 шт,622.5,руб/кг,0.4,Пересчёт по указанной в названии массе/объёму
2026-10-05_21-24-47_048716,2026-10-05T21:03:20+03:00,,,METRO,Москва,metro_moscow_leningradskoe_71g,"Москва и область, Ленинградское ш., 71Г",627247,"METRO Chef Спаржа По-корейски маринованная, 500г",Готовая еда и полуфабрикаты,Готовая еда,категория магазина,Готовая еда,https://online.metro-cc.ru/category/gotovye-bljuda-polufabrikaty,389.0,/шт,торговый центр,цена в блоке торгового центра,500г,В наличии,https://online.metro-cc.ru/products/sparzha-marinovannaya-po-korejski-metro-chef-500-g,389 д /шт от 1 шт,778.0,руб/кг,0.5,Пересчёт по указанной в названии массе/объёму
2026-10-05_21-24-47_048716,2026-10-05T21:03:20+03:00,,,METRO,Москва,metro_moscow_leningradskoe_71g,"Москва и область, Ленинградское ш., 71Г",627249,"METRO Chef Морковь По-корейски маринованная, 500г",Готовая еда и полуфабрикаты,Готовая еда,категория магазина,Готовая еда,https://online.metro-cc.ru/category/gotovye-bljuda-polufabrikaty,235.0,/шт,торговый центр,цена в блоке торгового центра,500г,В наличии,https://online.metro-cc.ru/products/morkov-metro-chef-marinovannaya-po-korejski-500-g,235 д /шт от 1 шт,470.0,руб/кг,0.5,Пересчёт по указанной в названии массе/объёму
2026-10-05_21-24-47_048716,2026-10-05T21:03:20+03:00,,,METRO,Москва,metro_moscow_leningradskoe_71g,"Москва и область, Ленинградское ш., 71Г",348976,"Салат Fresh Secret винегрет, 400г",Готовая еда и полуфабрикаты,Готовая еда,категория магазина,Готовая еда,https://online.metro-cc.ru/category/gotovye-bljuda-polufabrikaty,199.01,/шт,торговый центр,цена в блоке торгового центра,400г,В наличии,https://online.metro-cc.ru/products/salat-fresh-secret-vinegret-400g,199.01 д /шт от 1 шт,497.52,руб/кг,0.4,Пересчёт по указанной в названии массе/объёму
2026-10-05_21-24-47_048716,2026-10-05T21:03:20+03:00,,,METRO,Москва,metro_moscow_leningradskoe_71g,"Москва и область, Ленинградское ш., 71Г",374309,"Салат Fresh Secret пальчики оближешь, 400г",Готовая еда и полуфабрикаты,Готовая еда,категория магазина,Готовая еда,https://online.metro-cc.ru/category/gotovye-bljuda-polufabrikaty,235.0,/шт,торговый центр,цена в блоке торгового центра,400г,Наличие не подтверждено,https://online.metro-cc.ru/products/salat-fresh-secret-palchiki-oblizhesh-400g-374309,235 д /шт от 1 шт,587.5,руб/кг,0.4,Пересчёт по указанной в названии массе/объёму
2026-10-05_21-24-47_048716,2026-10-05T21:03:20+03:00,,,METRO,Москва,metro_moscow_leningradskoe_71g,"Москва и область, Ленинградское ш., 71Г",284329,"Равиоли Solo Fresco с курицей и моцареллой, 250г",Готовая еда и полуфабрикаты,Готовая еда,категория магазина,Готовая еда,https://online.metro-cc.ru/category/gotovye-bljuda-polufabrikaty,419.0,/шт,торговый центр,цена в блоке торгового центра,250г,В наличии,https://online.metro-cc.ru/products/ravioli-solo-fresco-s-kuritsey-i-motsarelloy-250g,419 д /шт от 1 шт,1676.0,руб/кг,0.25,Пересчёт по указанной в названии массе/объёму
2026-10-05_21-24-47_048716,2026-10-05T21:03:30+03:00,,,METRO,Москва,metro_moscow_leningradskoe_71g,"Москва и область, Ленинградское ш., 71Г",72437,"Коктейль Devil's Island Gold Anejo с ромом, 1л",Алкоголь,Коктейли и винные напитки,название и категория магазина,Алкоголь,https://online.metro-cc.ru/category/alkogolnaya-produkciya,1349.0,/бт,торговый центр,зачёркнутая цена в блоке торгового центра,1л,В наличии,https://online.metro-cc.ru/products/1l-kokteyl-devil-s-island-gold-anejo-s-romom,1 199 д /бт 1 349 д /бт от 1 бт,,,,Неизвестная продажная единица
2026-10-05_21-24-47_048716,2026-10-05T21:03:30+03:00,,,METRO,Москва,metro_moscow_leningradskoe_71g,"Москва и область, Ленинградское ш., 71Г",99039,"Джин Barrister Dry, 1л",Алкоголь,Крепкие напитки,название и категория магазина,Алкоголь,https://online.metro-cc.ru/category/alkogolnaya-produkciya,1349.0,/бт,торговый центр,зачёркнутая цена в блоке торгового центра,1л,В наличии,https://online.metro-cc.ru/products/dzhin-barrister-dry-40-1l-99039,1 219 д /бт 1 349 д /бт от 1 бт,,,,Неизвестная продажная единица
2026-10-05_21-24-47_048716,2026-10-05T21:03:30+03:00,,,METRO,Москва,metro_moscow_leningradskoe_71g,"Москва и область, Ленинградское ш., 71Г",237360,"Виски ирландский Pogues Streams of Whiskey, 0.7л",Алкоголь,Виски,название и категория магазина,Алкоголь,https://online.metro-cc.ru/category/alkogolnaya-produkciya,2298.99,/бт,торговый центр,зачёркнутая цена в блоке торгового центра,0.7л,Наличие не подтверждено,https://online.metro-cc.ru/products/07l-viski-the-pogues-streams-of-whiskey,1 599.01 д /бт 2 298.99 д /бт от 1 бт,,,,Неизвестная продажная единица
2026-10-05_21-24-47_048716,2026-10-05T21:03:30+03:00,,,METRO,Москва,metro_moscow_leningradskoe_71g,"Москва и область, Ленинградское ш., 71Г",669924,"Напиток безалкогольный Drinksome Cocktail Rossini Коктейль Россини газированный, 330мл 330мл",Напитки,Безалкогольные альтернативы,явное обозначение в названии,Алкоголь,https://online.metro-cc.ru/category/alkogolnaya-produkciya,219.0,/бт,торговый центр,цена в блоке торгового центра,330мл; 330мл,В наличии,https://online.metro-cc.ru/products/napitok-drinksome-cocktail-rossini-bezalkogolnyy-gazirovannyy-330ml,219 д /бт от 1 бт,,,,Неизвестная продажная единица
2026-10-05_21-24-47_048716,2026-10-05T21:03:30+03:00,,,METRO,Москва,metro_moscow_leningradskoe_71g,"Москва и область, Ленинградское ш., 71Г",669923,"Напиток безалкогольный Drinksome Cocktail Paloma Коктейль Палома газированный, 330мл 330мл",Напитки,Безалкогольные альтернативы,явное обозначение в названии,Алкоголь,https://online.metro-cc.ru/category/alkogolnaya-produkciya,219.0,/бт,торговый центр,цена в блоке торгового центра,330мл; 330мл,В наличии,https://online.metro-cc.ru/products/napitok-drinksome-cocktail-paloma-bezalkogolnyy-gazirovannyy-330ml,219 д /бт от 1 бт,,,,Неизвестная продажная единица
2026-10-05_21-24-47_048716,2026-10-05T21:03:30+03:00,,,METRO,Москва,metro_moscow_leningradskoe_71g,"Москва и область, Ленинградское ш., 71Г",133044,"Вино Валерий Захарьин Автохтонное Вино Крыма красное сухое, 0.75л",Алкоголь,Вино,название и категория магазина,Алкоголь,https://online.metro-cc.ru/category/alkogolnaya-produkciya,1679.0,/бт,торговый центр,зачёркнутая цена в блоке торгового центра,0.75л,Наличие не подтверждено,https://online.metro-cc.ru/products/vino-avtohtonnoe-kokur-krasnoe-suhoe-075l,1 099 д /бт 1 679 д /бт от 1 бт,,,,Неизвестная продажная единица
2026-10-05_21-24-47_048716,2026-10-05T21:03:30+03:00,,,METRO,Москва,metro_moscow_leningradskoe_71g,"Москва и область, Ленинградское ш., 71Г",215424,"Вино Алазанская Долина Marani белое полусладкое, 0.75л",Алкоголь,Вино,название и категория магазина,Алкоголь,https://online.metro-cc.ru/category/alkogolnaya-produkciya,949.0,/бт,торговый центр,зачёркнутая цена в блоке торгового центра,0.75л,В наличии,https://online.metro-cc.ru/products/075l-vino-alazanskaya-dolina-marani-bl-psl,669 д /бт 949 д /бт от 1 бт,,,,Неизвестная продажная единица
2026-10-05_21-24-47_048716,2026-10-05T21:03:30+03:00,,,METRO,Москва,metro_moscow_leningradskoe_71g,"Москва и область, Ленинградское ш., 71Г",215425,"Вино Алазанская Долина Marani красное полусладкое, 0.75л",Алкоголь,Вино,название и категория магазина,Алкоголь,https://online.metro-cc.ru/category/alkogolnaya-produkciya,999.0,/бт,торговый центр,зачёркнутая цена в блоке торгового центра,0.75л,В наличии,https://online.metro-cc.ru/products/075l-vino-alazanskaya-dolina-marani-kr-psl,699 д /бт 999 д /бт от 1 бт,,,,Неизвестная продажная единица
2026-10-05_21-24-47_048716,2026-10-05T21:03:30+03:00,,,METRO,Москва,metro_moscow_leningradskoe_71g,"Москва и область, Ленинградское ш., 71Г",215426,"Вино Marani Kindzmarauli красное полусладкое, 0.75л",Алкоголь,Вино,название и категория магазина,Алкоголь,https://online.metro-cc.ru/category/alkogolnaya-produkciya,1299.0,/бт,торговый центр,зачёркнутая цена в блоке торгового центра,0.75л,В наличии,https://online.metro-cc.ru/products/075l-vino-kindzmarauli-marani-kr-psl,899.01 д /бт 1 299 д /бт от 1 бт,,,,Неизвестная продажная единица
2026-10-05_21-24-47_048716,2026-10-05T21:03:30+03:00,,,METRO,Москва,metro_moscow_leningradskoe_71g,"Москва и область, Ленинградское ш., 71Г",215428,"Вино Marani Saperavi Rose розовое сухое, 0.75л",Алкоголь,Вино,название и категория магазина,Алкоголь,https://online.metro-cc.ru/category/alkogolnaya-produkciya,1099.0,/бт,торговый центр,зачёркнутая цена в блоке торгового центра,0.75л,Наличие не подтверждено,https://online.metro-cc.ru/products/075l-vino-saperavi-roze-marani-rz-sh,769 д /бт 1 099 д /бт от 1 бт,,,,Неизвестная продажная единица
2026-10-05_21-24-47_048716,2026-10-05T21:03:30+03:00,,,METRO,Москва,metro_moscow_leningradskoe_71g,"Москва и область, Ленинградское ш., 71Г",247429,"Напиток игристый безалкогольный Абрау Дюрсо Light Zero розовый полусладкий, 0.25л 0.25л",Напитки,Безалкогольные альтернативы,явное обозначение в названии,Алкоголь,https://online.metro-cc.ru/category/alkogolnaya-produkciya,169.01,/бт,торговый центр,зачёркнутая цена в блоке торгового центра,0.25л; 0.25л,Наличие не подтверждено,https://online.metro-cc.ru/products/025l-gaz-nap-abrau-layt-zero-rz-psl-ba-zhb,129 д /бт 169.01 д /бт от 1 бт,,,,Неизвестная продажная единица
2026-10-05_21-24-47_048716,2026-10-05T21:03:30+03:00,,,METRO,Москва,metro_moscow_leningradskoe_71g,"Москва и область, Ленинградское ш., 71Г",247430,"Напиток игристый безалкогольный Абрау Дюрсо Light Zero белый полусладкий, 0.25л 0.25л",Напитки,Безалкогольные альтернативы,явное обозначение в названии,Алкоголь,https://online.metro-cc.ru/category/alkogolnaya-produkciya,169.01,/бт,торговый центр,зачёркнутая цена в блоке торгового центра,0.25л; 0.25л,Наличие не подтверждено,https://online.metro-cc.ru/products/025l-gaz-nap-abrau-layt-zero-bl-psl-ba-zhb,129 д /бт 169.01 д /бт от 1 бт,,,,Неизвестная продажная единица
2026-10-05_21-24-47_048716,2026-10-05T21:03:30+03:00,,,METRO,Москва,metro_moscow_leningradskoe_71g,"Москва и область, Ленинградское ш., 71Г",222515,"Вино игристое Bruni Prosecco Extra Dry белое брют, 0.75л",Алкоголь,Игристое вино,название и категория магазина,Алкоголь,https://online.metro-cc.ru/category/alkogolnaya-produkciya,1699.0,/бт,торговый центр,зачёркнутая цена в блоке торгового центра,0.75л,В наличии,https://online.metro-cc.ru/products/075l-vin-igr-bruni-prosekko-ekstra-dray-bl-br,1 399 д /бт 1 699 д /бт от 1 бт,,,,Неизвестная продажная единица
2026-10-05_21-24-47_048716,2026-10-05T21:03:30+03:00,,,METRO,Москва,metro_moscow_leningradskoe_71g,"Москва и область, Ленинградское ш., 71Г",228838,"Напиток винный безалкогольный Абрау Дюрсо Лайт газированный, 0.75л",Напитки,Безалкогольные альтернативы,явное обозначение в названии,Алкоголь,https://online.metro-cc.ru/category/alkogolnaya-produkciya,309.0,/бт,торговый центр,цена в блоке торгового центра,0.75л,В наличии,https://online.metro-cc.ru/products/075l-napitok-abrau-dyurso-layt-ba-gaz,309 д /бт от 1 бт,,,,Неизвестная продажная единица
2026-10-05_21-24-47_048716,2026-10-05T21:03:30+03:00,,,METRO,Москва,metro_moscow_leningradskoe_71g,"Москва и область, Ленинградское ш., 71Г",211930,"Вино игристое Musti Nobilis Prosecco белое брют, 0.75л",Алкоголь,Игристое вино,название и категория магазина,Алкоголь,https://online.metro-cc.ru/category/alkogolnaya-produkciya,1499.0,/бт,торговый центр,зачёркнутая цена в блоке торгового центра,0.75л,В наличии,https://online.metro-cc.ru/products/075l-vino-igr-musti-nobilis-pros-bl-br-211930,1 099 д /бт 1 499 д /бт от 1 бт,,,,Неизвестная продажная единица
2026-10-05_21-24-47_048716,2026-10-05T21:03:30+03:00,,,METRO,Москва,metro_moscow_leningradskoe_71g,"Москва и область, Ленинградское ш., 71Г",502172,"Напиток спиртной Aperol Aperitive, 1л",Алкоголь,Прочий алкоголь,категория магазина,Алкоголь,https://online.metro-cc.ru/category/alkogolnaya-produkciya,2549.01,/бт,торговый центр,зачёркнутая цена в блоке торгового центра,1л,В наличии,https://online.metro-cc.ru/products/aperol-1l,2 149.01 д /бт 2 549.01 д /бт от 1 бт,,,,Неизвестная продажная единица
2026-10-05_21-24-47_048716,2026-10-05T21:03:30+03:00,,,METRO,Москва,metro_moscow_leningradskoe_71g,"Москва и область, Ленинградское ш., 71Г",60705,"Напиток виноградосодержащий Martini Fiero из виноградного сырья сладкий, 1л",Алкоголь,Прочий алкоголь,категория магазина,Алкоголь,https://online.metro-cc.ru/category/alkogolnaya-produkciya,1799.0,/бт,торговый центр,зачёркнутая цена в блоке торгового центра,1л,В наличии,https://online.metro-cc.ru/products/napitok-vinogradosoderzhaschiy-martini-fiero-iz-vinogradnogo-syrya-sladkiy-1l-60705,1 499 д /бт 1 799 д /бт от 1 бт,,,,Неизвестная продажная единица
2026-10-05_21-24-47_048716,2026-10-05T21:03:30+03:00,,,METRO,Москва,metro_moscow_leningradskoe_71g,"Москва и область, Ленинградское ш., 71Г",84049,"Напиток винный Martini Bianco, 1л",Алкоголь,Коктейли и винные напитки,название и категория магазина,Алкоголь,https://online.metro-cc.ru/category/alkogolnaya-produkciya,2599.0,/бт,торговый центр,зачёркнутая цена в блоке торгового центра,1л,В наличии,https://online.metro-cc.ru/products/1l-vinnyy-napitok-martini-bianco,1 499 д /бт 2 599 д /бт от 1 бт,,,,Неизвестная продажная единица
2026-10-05_21-24-47_048716,2026-10-05T21:03:30+03:00,,,METRO,Москва,metro_moscow_leningradskoe_71g,"Москва и область, Ленинградское ш., 71Г",96865,"Напиток спиртной Aperol, 0.75л",Алкоголь,Прочий алкоголь,категория магазина,Алкоголь,https://online.metro-cc.ru/category/alkogolnaya-produkciya,2499.0,/бт,торговый центр,зачёркнутая цена в блоке торгового центра,0.75л,Наличие не подтверждено,https://online.metro-cc.ru/products/075l-spirtnoy-napitok-aperol-96865,1 599.01 д /бт 2 499 д /бт от 1 бт,,,,Неизвестная продажная единица
2026-10-05_21-24-47_048716,2026-10-05T21:03:30+03:00,,,METRO,Москва,metro_moscow_leningradskoe_71g,"Москва и область, Ленинградское ш., 71Г",272219,"Напиток виноградосодержащий Martini Rosso из виноградного сырья красный сладкий, 1л",Алкоголь,Прочий алкоголь,категория магазина,Алкоголь,https://online.metro-cc.ru/category/alkogolnaya-produkciya,1799.0,/бт,торговый центр,зачёркнутая цена в блоке торгового центра,1л,В наличии,https://online.metro-cc.ru/products/martini-rosso-1-l,1 499 д /бт 1 799 д /бт от 1 бт,,,,Неизвестная продажная единица
2026-10-05_21-24-47_048716,2026-10-05T21:03:30+03:00,,,METRO,Москва,metro_moscow_leningradskoe_71g,"Москва и область, Ленинградское ш., 71Г",139979,"Сидр Santo Stefano Венецианские истории красное полусладкое, 0.75л",Алкоголь,Сидр,название и категория магазина,Алкоголь,https://online.metro-cc.ru/category/alkogolnaya-produkciya,409.01,/бт,торговый центр,зачёркнутая цена в блоке торгового центра,0.75л,Наличие не подтверждено,https://online.metro-cc.ru/products/075l-sidr-santo-stefano-venetsianskie-istorii-kr-psl,319 д /бт 409.01 д /бт от 1 бт,,,,Неизвестная продажная единица
2026-10-05_21-24-47_048716,2026-10-05T21:03:30+03:00,,,METRO,Москва,metro_moscow_leningradskoe_71g,"Москва и область, Ленинградское ш., 71Г",215520,"Пиво Clausthaler Original безалкогольное, 0.33л",Напитки,Безалкогольные альтернативы,явное обозначение в названии,Алкоголь,https://online.metro-cc.ru/category/alkogolnaya-produkciya,169.99,/шт,торговый центр,зачёркнутая цена в блоке торгового центра,0.33л,В наличии,https://online.metro-cc.ru/products/033l-pivo-clausthaler-oridzhinal-ba-st,138.99 д /шт 169.99 д /шт от 1 шт,515.12,руб/л,0.33,Пересчёт по указанной в названии массе/объёму
2026-10-05_21-24-47_048716,2026-10-05T21:03:30+03:00,,,METRO,Москва,metro_moscow_leningradskoe_71g,"Москва и область, Ленинградское ш., 71Г",58475,"Пиво Балтика №0 Грейпфрут безалкогольное, 0.33л",Напитки,Безалкогольные альтернативы,явное обозначение в названии,Алкоголь,https://online.metro-cc.ru/category/alkogolnaya-produkciya,79.9,/шт,торговый центр,зачёркнутая цена в блоке торгового центра,0.33л,В наличии,https://online.metro-cc.ru/products/baltika-0-grejpfrut-svetloe-033-l,69.90 д /шт 79.90 д /шт от 1 шт,242.12,руб/л,0.33,Пересчёт по указанной в названии массе/объёму
2026-10-05_21-24-47_048716,2026-10-05T21:03:30+03:00,,,METRO,Москва,metro_moscow_leningradskoe_71g,"Москва и область, Ленинградское ш., 71Г",283072,"Пивной напиток Guinness Draught безалкогольное, 0.44л",Напитки,Безалкогольные альтернативы,явное обозначение в названии,Алкоголь,https://online.metro-cc.ru/category/alkogolnaya-produkciya,399.0,/шт,торговый центр,цена в блоке торгового центра,0.44л,В наличии,https://online.metro-cc.ru/products/044l-piv-nap-guinness-draught-ba-zhb-283072,399 д /шт от 1 шт,906.82,руб/л,0.44,Пересчёт по указанной в названии массе/объёму
2026-10-05_21-24-47_048716,2026-10-05T21:03:30+03:00,,,METRO,Москва,metro_moscow_leningradskoe_71g,"Москва и область, Ленинградское ш., 71Г",581882,"Пиво Балтика №0 безалкогольное, 0.45л",Напитки,Безалкогольные альтернативы,явное обозначение в названии,Алкоголь,https://online.metro-cc.ru/category/alkogolnaya-produkciya,89.9,/шт,торговый центр,зачёркнутая цена в блоке торгового центра,0.45л,В наличии,https://online.metro-cc.ru/products/baltika-0-bezalkogolnoe-zh-b-045-l,79.90 д /шт 89.90 д /шт от 1 шт,199.78,руб/л,0.45,Пересчёт по указанной в названии массе/объёму
2026-10-05_21-24-47_048716,2026-10-05T21:03:50+03:00,,,METRO,Москва,metro_moscow_leningradskoe_71g,"Москва и область, Ленинградское ш., 71Г",94103,"Вода Baikal430 Байкальская глубинная питьевая негазированная, 850мл",Напитки,Вода,название и продуктовый раздел магазина,"Вода, соки, напитки",https://online.metro-cc.ru/category/bezalkogolnye-napitki,149.9,/шт,торговый центр,зачёркнутая цена в блоке торгового центра,850мл,В наличии,https://online.metro-cc.ru/products/voda-baikal-430-bajkalskaya-glubinnaya-voda-negazirovannaya-085-l,129.91 д /шт 149.90 д /шт от 1 шт,176.35,руб/л,0.85,Пересчёт по указанной в названии массе/объёму
2026-10-05_21-24-47_048716,2026-10-05T21:03:50+03:00,,,METRO,Москва,metro_moscow_leningradskoe_71g,"Москва и область, Ленинградское ш., 71Г",107639,"Вода Baikal430 Байкальская глубинная питьевая негазированная, 850мл x 6 шт",Напитки,Вода,название и продуктовый раздел магазина,"Вода, соки, напитки",https://online.metro-cc.ru/category/bezalkogolnye-napitki,899.4,/уп,торговый центр,зачёркнутая цена в блоке торгового центра,850мл; 6 шт,В наличии,https://online.metro-cc.ru/products/baikal-430-bajkalskaya-glubinnaya-negazirovannaya-085-l,779.40 д /уп 899.40 д /уп от 1 уп,176.35,руб/л,5.1,Пересчёт по указанной в названии массе/объёму
2026-10-05_21-24-47_048716,2026-10-05T21:03:50+03:00,,,METRO,Москва,metro_moscow_leningradskoe_71g,"Москва и область, Ленинградское ш., 71Г",464846,"Вода Архыз Vita горная природная негазированная, 1.5л",Напитки,Вода,название и продуктовый раздел магазина,"Вода, соки, напитки",https://online.metro-cc.ru/category/bezalkogolnye-napitki,64.9,/шт,торговый центр,зачёркнутая цена в блоке торгового центра,1.5л,В наличии,https://online.metro-cc.ru/products/voda-arkhyz-vita-gornaya-prirodnaya-negazirovannaya-1-5l,59.90 д /шт 64.90 д /шт от 1 шт,43.27,руб/л,1.5,Пересчёт по указанной в названии массе/объёму
2026-10-05_21-24-47_048716,2026-10-05T21:03:50+03:00,,,METRO,Москва,metro_moscow_leningradskoe_71g,"Москва и область, Ленинградское ш., 71Г",72594,"Вода Шишкин лес питьевая негазированная, 400мл x 12 шт",Напитки,Вода,название и продуктовый раздел магазина,"Вода, соки, напитки",https://online.metro-cc.ru/category/bezalkogolnye-napitki,598.8,/уп,торговый центр,зачёркнутая цена в блоке торгового центра,400мл; 12 шт,В наличии,https://online.metro-cc.ru/products/voda-shishkin-les-pitevaya-negazirovannaya-400ml-x-12-sht,274.80 д /уп 598.80 д /уп от 1 уп,124.75,руб/л,4.8,Пересчёт по указанной в названии массе/объёму
2026-10-05_21-24-47_048716,2026-10-05T21:03:50+03:00,,,METRO,Москва,metro_moscow_leningradskoe_71g,"Москва и область, Ленинградское ш., 71Г",200971,"Вода BonaAqua питьевая газированная, 1л",Напитки,Вода,название и продуктовый раздел магазина,"Вода, соки, напитки",https://online.metro-cc.ru/category/bezalkogolnye-napitki,79.9,/шт,торговый центр,зачёркнутая цена в блоке торгового центра,1л,В наличии,https://online.metro-cc.ru/products/1l-voda-bona-aqua-gaz-pet-200971,69.90 д /шт 79.90 д /шт от 1 шт,79.9,руб/л,1.0,Пересчёт по указанной в названии массе/объёму
2026-10-05_21-24-47_048716,2026-10-05T21:03:50+03:00,,,METRO,Москва,metro_moscow_leningradskoe_71g,"Москва и область, Ленинградское ш., 71Г",459118,"Нектар Добрый апельсиновый с мякотью, 1л",Напитки,Соки и нектары,название и продуктовый раздел магазина,"Вода, соки, напитки",https://online.metro-cc.ru/category/bezalkogolnye-napitki,169.0,/шт,торговый центр,зачёркнутая цена в блоке торгового центра,1л,В наличии,https://online.metro-cc.ru/products/nektar-dobryy-apelsin-1l-459118,134.90 д /шт 169 д /шт от 1 шт,169.0,руб/л,1.0,Пересчёт по указанной в названии массе/объёму
2026-10-05_21-24-47_048716,2026-10-05T21:03:50+03:00,,,METRO,Москва,metro_moscow_leningradskoe_71g,"Москва и область, Ленинградское ш., 71Г",459120,"Сок Добрый яблочный, 1л",Напитки,Соки и нектары,название и продуктовый раздел магазина,"Вода, соки, напитки",https://online.metro-cc.ru/category/bezalkogolnye-napitki,169.0,/шт,торговый центр,зачёркнутая цена в блоке торгового центра,1л,В наличии,https://online.metro-cc.ru/products/sok-dobryy-yablochnyy-1l-459120,124.91 д /шт 169 д /шт от 1 шт,169.0,руб/л,1.0,Пересчёт по указанной в названии массе/объёму
2026-10-05_21-24-47_048716,2026-10-05T21:03:50+03:00,,,METRO,Москва,metro_moscow_leningradskoe_71g,"Москва и область, Ленинградское ш., 71Г",420218,"Сок Santal апельсиновый, 1л",Напитки,Соки и нектары,название и продуктовый раздел магазина,"Вода, соки, напитки",https://online.metro-cc.ru/category/bezalkogolnye-napitki,289.0,/шт,торговый центр,зачёркнутая цена в блоке торгового центра,1л,В наличии,https://online.metro-cc.ru/products/sok-santal-apelsinoviy-1l,209 д /шт 289 д /шт от 1 шт,289.0,руб/л,1.0,Пересчёт по указанной в названии массе/объёму
2026-10-05_21-24-47_048716,2026-10-05T21:03:50+03:00,,,METRO,Москва,metro_moscow_leningradskoe_71g,"Москва и область, Ленинградское ш., 71Г",666403,"Сок J7 Fresh Taste апельсиновый с мякотью, 850мл",Напитки,Соки и нектары,название и продуктовый раздел магазина,"Вода, соки, напитки",https://online.metro-cc.ru/category/bezalkogolnye-napitki,279.0,/шт,торговый центр,зачёркнутая цена в блоке торгового центра,850мл,В наличии,https://online.metro-cc.ru/products/j-7-apelsin-s-myakotyu-850-ml,269 д /шт 279 д /шт от 1 шт,328.24,руб/л,0.85,Пересчёт по указанной в названии массе/объёму
2026-10-05_21-24-47_048716,2026-10-05T21:03:50+03:00,,,METRO,Москва,metro_moscow_leningradskoe_71g,"Москва и область, Ленинградское ш., 71Г",459122,"Сок Добрый томатный с мякотью, 1л",Напитки,Соки и нектары,название и продуктовый раздел магазина,"Вода, соки, напитки",https://online.metro-cc.ru/category/bezalkogolnye-napitki,169.0,/шт,торговый центр,зачёркнутая цена в блоке торгового центра,1л,В наличии,https://online.metro-cc.ru/products/sok-dobryy-tomatnyy-1l-459122,134.90 д /шт 169 д /шт от 1 шт,169.0,руб/л,1.0,Пересчёт по указанной в названии массе/объёму
2026-10-05_21-24-47_048716,2026-10-05T21:03:50+03:00,,,METRO,Москва,metro_moscow_leningradskoe_71g,"Москва и область, Ленинградское ш., 71Г",212062,"Лимонад Черноголовка Дюшес газированный, 1.5л",Напитки,Газировка и квас,название и продуктовый раздел магазина,"Вода, соки, напитки",https://online.metro-cc.ru/category/bezalkogolnye-napitki,139.9,/шт,торговый центр,зачёркнутая цена в блоке торгового центра,1.5л,Наличие не подтверждено,https://online.metro-cc.ru/products/15l-gaz-nap-chernogolovka-limonad-dyushes-pet-212062,109.90 д /шт 139.90 д /шт от 1 шт,93.27,руб/л,1.5,Пересчёт по указанной в названии массе/объёму
2026-10-05_21-24-47_048716,2026-10-05T21:03:50+03:00,,,METRO,Москва,metro_moscow_leningradskoe_71g,"Москва и область, Ленинградское ш., 71Г",140755,"Напиток Coca-Cola Original газированный, 330мл",Напитки,Газировка и квас,название и продуктовый раздел магазина,"Вода, соки, напитки",https://online.metro-cc.ru/category/bezalkogolnye-napitki,149.0,/шт,торговый центр,зачёркнутая цена в блоке торгового центра,330мл,В наличии,https://online.metro-cc.ru/products/033l-nap-gaz-cocacola-original,119 д /шт 149 д /шт от 1 шт,451.52,руб/л,0.33,Пересчёт по указанной в названии массе/объёму
2026-10-05_21-24-47_048716,2026-10-05T21:03:50+03:00,,,METRO,Москва,metro_moscow_leningradskoe_71g,"Москва и область, Ленинградское ш., 71Г",216816,"Напиток Добрый Cola газированный без сахара, 1.5л",Напитки,Газировка и квас,название и продуктовый раздел магазина,"Вода, соки, напитки",https://online.metro-cc.ru/category/bezalkogolnye-napitki,169.9,/шт,торговый центр,зачёркнутая цена в блоке торгового центра,1.5л,В наличии,https://online.metro-cc.ru/products/napitok-dobryy-cola-gazirovannyy-bez-sahara-15l,144.90 д /шт 169.90 д /шт от 1 шт,113.27,руб/л,1.5,Пересчёт по указанной в названии массе/объёму
2026-10-05_21-24-47_048716,2026-10-05T21:03:50+03:00,,,METRO,Москва,metro_moscow_leningradskoe_71g,"Москва и область, Ленинградское ш., 71Г",296616,"Напиток Черноголовка Cola без сахара сильногазированный, 1.5л",Напитки,Газировка и квас,название и продуктовый раздел магазина,"Вода, соки, напитки",https://online.metro-cc.ru/category/bezalkogolnye-napitki,139.9,/шт,торговый центр,зачёркнутая цена в блоке торгового центра,1.5л,Наличие не подтверждено,https://online.metro-cc.ru/products/napitok-chernogolovka-kola-bez-sahara-gazirovannyy-15l,109.90 д /шт 139.90 д /шт от 1 шт,93.27,руб/л,1.5,Пересчёт по указанной в названии массе/объёму
2026-10-05_21-24-47_048716,2026-10-05T21:03:50+03:00,,,METRO,Москва,metro_moscow_leningradskoe_71g,"Москва и область, Ленинградское ш., 71Г",296620,"Напиток Добрый Кола газированный, 1.5л",Напитки,Газировка и квас,название и продуктовый раздел магазина,"Вода, соки, напитки",https://online.metro-cc.ru/category/bezalkogolnye-napitki,169.9,/шт,торговый центр,зачёркнутая цена в блоке торгового центра,1.5л,В наличии,https://online.metro-cc.ru/products/napitok-dobryy-kola-gazirovannyy-15l,144.90 д /шт 169.90 д /шт от 1 шт,113.27,руб/л,1.5,Пересчёт по указанной в названии массе/объёму
2026-10-05_21-24-47_048716,2026-10-05T21:03:50+03:00,,,METRO,Москва,metro_moscow_leningradskoe_71g,"Москва и область, Ленинградское ш., 71Г",660406,"Энергетический напиток Adrenaline Rush, 449мл",Напитки,Энергетики,название и продуктовый раздел магазина,"Вода, соки, напитки",https://online.metro-cc.ru/category/bezalkogolnye-napitki,139.9,/шт,торговый центр,цена в блоке торгового центра,449мл,В наличии,https://online.metro-cc.ru/products/energeticheskiy-napitok-adrenaline-rush-449ml,139.90 д /шт от 1 шт,311.58,руб/л,0.449,Пересчёт по указанной в названии массе/объёму
2026-10-05_21-24-47_048716,2026-10-05T21:03:50+03:00,,,METRO,Москва,metro_moscow_leningradskoe_71g,"Москва и область, Ленинградское ш., 71Г",448934,"Энергетический напиток Adrenaline Rush, 250мл",Напитки,Энергетики,название и продуктовый раздел магазина,"Вода, соки, напитки",https://online.metro-cc.ru/category/bezalkogolnye-napitki,99.99,/шт,торговый центр,цена в блоке торгового центра,250мл,В наличии,https://online.metro-cc.ru/products/energeticheskiy-napitok-adrenaline-rush-250ml-448934,99.99 д /шт от 1 шт,399.96,руб/л,0.25,Пересчёт по указанной в названии массе/объёму
2026-10-05_21-24-47_048716,2026-10-05T21:03:50+03:00,,,METRO,Москва,metro_moscow_leningradskoe_71g,"Москва и область, Ленинградское ш., 71Г",434507,"Энергетический напиток Red Bull Sugarfree, 250мл",Напитки,Энергетики,название и продуктовый раздел магазина,"Вода, соки, напитки",https://online.metro-cc.ru/category/bezalkogolnye-napitki,169.9,/шт,торговый центр,цена в блоке торгового центра,250мл,В наличии,https://online.metro-cc.ru/products/energeticheskiy-napitok-red-bull-sugarfree-250ml,169.90 д /шт от 1 шт,679.6,руб/л,0.25,Пересчёт по указанной в названии массе/объёму
2026-10-05_21-24-47_048716,2026-10-05T21:03:50+03:00,,,METRO,Москва,metro_moscow_leningradskoe_71g,"Москва и область, Ленинградское ш., 71Г",7910,"Энергетический напиток Volt Energy Помело и мята, 450мл",Напитки,Энергетики,название и продуктовый раздел магазина,"Вода, соки, напитки",https://online.metro-cc.ru/category/bezalkogolnye-napitki,109.9,/шт,торговый центр,зачёркнутая цена в блоке торгового центра,450мл,Наличие не подтверждено,https://online.metro-cc.ru/products/energeticheskiy-napitok-volt-energy-pomelo-i-myata-450ml,94.90 д /шт 109.90 д /шт от 1 шт,244.22,руб/л,0.45,Пересчёт по указанной в названии массе/объёму
2026-10-05_21-24-47_048716,2026-10-05T21:03:50+03:00,,,METRO,Москва,metro_moscow_leningradskoe_71g,"Москва и область, Ленинградское ш., 71Г",218896,"Энергетический напиток Volt Energy Голубика-гранат, 450мл",Напитки,Энергетики,название и продуктовый раздел магазина,"Вода, соки, напитки",https://online.metro-cc.ru/category/bezalkogolnye-napitki,109.9,/шт,торговый центр,зачёркнутая цена в блоке торгового центра,450мл,Наличие не подтверждено,https://online.metro-cc.ru/products/045l-en-nap-volt-energy-golubikagranat-zhb-218896,94.90 д /шт 109.90 д /шт от 1 шт,244.22,руб/л,0.45,Пересчёт по указанной в названии массе/объёму
2026-10-05_21-24-47_048716,2026-10-05T21:03:50+03:00,,,METRO,Москва,metro_moscow_leningradskoe_71g,"Москва и область, Ленинградское ш., 71Г",206570,"Напиток Chillout Premium English Tonic сильногазированный, 900мл",Напитки,Газировка и квас,название и продуктовый раздел магазина,"Вода, соки, напитки",https://online.metro-cc.ru/category/bezalkogolnye-napitki,115.0,/шт,торговый центр,зачёркнутая цена в блоке торгового центра,900мл,В наличии,https://online.metro-cc.ru/products/09l-gaz-nap-chillout-premium-english-tonic-pet-206570,96.99 д /шт 115 д /шт от 1 шт,127.78,руб/л,0.9,Пересчёт по указанной в названии массе/объёму
2026-10-05_21-24-47_048716,2026-10-05T21:03:50+03:00,,,METRO,Москва,metro_moscow_leningradskoe_71g,"Москва и область, Ленинградское ш., 71Г",206534,"Напиток Chillout Bitter Tonic Грейпфрут сильногазированный, 900мл",Напитки,Газировка и квас,название и продуктовый раздел магазина,"Вода, соки, напитки",https://online.metro-cc.ru/category/bezalkogolnye-napitki,115.0,/шт,торговый центр,зачёркнутая цена в блоке торгового центра,900мл,Наличие не подтверждено,https://online.metro-cc.ru/products/09l-gaz-nap-chillout-bitter-greypfrut-pet-206534,96.99 д /шт 115 д /шт от 1 шт,127.78,руб/л,0.9,Пересчёт по указанной в названии массе/объёму
2026-10-05_21-24-47_048716,2026-10-05T21:03:50+03:00,,,METRO,Москва,metro_moscow_leningradskoe_71g,"Москва и область, Ленинградское ш., 71Г",206536,"Напиток Chillout Bitter Tonic Лимон сильногазированный, 900мл",Напитки,Газировка и квас,название и продуктовый раздел магазина,"Вода, соки, напитки",https://online.metro-cc.ru/category/bezalkogolnye-napitki,115.0,/шт,торговый центр,зачёркнутая цена в блоке торгового центра,900мл,В наличии,https://online.metro-cc.ru/products/09l-gaz-nap-chillout-bitter-limon-pet-206536,96.99 д /шт 115 д /шт от 1 шт,127.78,руб/л,0.9,Пересчёт по указанной в названии массе/объёму
2026-10-05_21-24-47_048716,2026-10-05T21:03:50+03:00,,,METRO,Москва,metro_moscow_leningradskoe_71g,"Москва и область, Ленинградское ш., 71Г",653876,"Напиток Evervess Индиан Тоник газированный, 1л",Напитки,Газировка и квас,название и продуктовый раздел магазина,"Вода, соки, напитки",https://online.metro-cc.ru/category/bezalkogolnye-napitki,119.0,/шт,торговый центр,зачёркнутая цена в блоке торгового центра,1л,В наличии,https://online.metro-cc.ru/products/evervess-tonik-1l-653876,94.90 д /шт 119 д /шт от 1 шт,119.0,руб/л,1.0,Пересчёт по указанной в названии массе/объёму
2026-10-05_21-24-47_048716,2026-10-05T21:03:50+03:00,,,METRO,Москва,metro_moscow_leningradskoe_71g,"Москва и область, Ленинградское ш., 71Г",135708,"Напиток Evervess Индиан Тоник газированный, 1.5л",Напитки,Газировка и квас,название и продуктовый раздел магазина,"Вода, соки, напитки",https://online.metro-cc.ru/category/bezalkogolnye-napitki,169.9,/шт,торговый центр,зачёркнутая цена в блоке торгового центра,1.5л,В наличии,https://online.metro-cc.ru/products/napitok-gazirovannyy-evervess-tonik-15l,154.90 д /шт 169.90 д /шт от 1 шт,113.27,руб/л,1.5,Пересчёт по указанной в названии массе/объёму
2026-10-05_21-24-47_048716,2026-10-05T21:03:50+03:00,,,METRO,Москва,metro_moscow_leningradskoe_71g,"Москва и область, Ленинградское ш., 71Г",233368,"Холодный чай зеленый Rich tea со вкусом манго, 1.5л",Напитки,Чай,название и продуктовый раздел магазина,"Вода, соки, напитки",https://online.metro-cc.ru/category/bezalkogolnye-napitki,189.99,/шт,торговый центр,зачёркнутая цена в блоке торгового центра,1.5л,Наличие не подтверждено,https://online.metro-cc.ru/products/15l-hol-chay-zelenyy-rich-mango-pet-233368,159.91 д /шт 189.99 д /шт от 1 шт,126.66,руб/л,1.5,Пересчёт по указанной в названии массе/объёму
2026-10-05_21-24-47_048716,2026-10-05T21:03:50+03:00,,,METRO,Москва,metro_moscow_leningradskoe_71g,"Москва и область, Ленинградское ш., 71Г",451332,"Холодный чай зеленый Lipton, 500мл",Напитки,Чай,название и продуктовый раздел магазина,"Вода, соки, напитки",https://online.metro-cc.ru/category/bezalkogolnye-napitki,121.9,/шт,торговый центр,зачёркнутая цена в блоке торгового центра,500мл,В наличии,https://online.metro-cc.ru/products/kholodnyy-chay-lipton-zelenyy-500ml-451332,109.90 д /шт 121.90 д /шт от 1 шт,243.8,руб/л,0.5,Пересчёт по указанной в названии массе/объёму
2026-10-05_21-24-47_048716,2026-10-05T21:03:50+03:00,,,METRO,Москва,metro_moscow_leningradskoe_71g,"Москва и область, Ленинградское ш., 71Г",87052,"Холодный чай зеленый Arizona с медом, 500мл",Напитки,Чай,название и продуктовый раздел магазина,"Вода, соки, напитки",https://online.metro-cc.ru/category/bezalkogolnye-napitki,249.0,/шт,торговый центр,цена в блоке торгового центра,500мл,В наличии,https://online.metro-cc.ru/products/05l-holodnyy-chay-zelenyy-arizona-med-zhb-87052,249 д /шт от 1 шт,498.0,руб/л,0.5,Пересчёт по указанной в названии массе/объёму
2026-10-05_21-24-47_048716,2026-10-05T21:03:50+03:00,,,METRO,Москва,metro_moscow_leningradskoe_71g,"Москва и область, Ленинградское ш., 71Г",358057,"Холодный чай зеленый Lipton, 1.5л",Напитки,Чай,название и продуктовый раздел магазина,"Вода, соки, напитки",https://online.metro-cc.ru/category/bezalkogolnye-napitki,209.0,/шт,торговый центр,зачёркнутая цена в блоке торгового центра,1.5л,В наличии,https://online.metro-cc.ru/products/kholodnyy-chay-lipton-zelenyy-1-5l-358057,162.90 д /шт 209 д /шт от 1 шт,139.33,руб/л,1.5,Пересчёт по указанной в названии массе/объёму
2026-10-05_21-24-47_048716,2026-10-05T21:03:50+03:00,,,METRO,Москва,metro_moscow_leningradskoe_71g,"Москва и область, Ленинградское ш., 71Г",390674,"Холодный чай черный Lipton со вкусом лимона, 500мл",Напитки,Чай,название и продуктовый раздел магазина,"Вода, соки, напитки",https://online.metro-cc.ru/category/bezalkogolnye-napitki,121.9,/шт,торговый центр,зачёркнутая цена в блоке торгового центра,500мл,В наличии,https://online.metro-cc.ru/products/holodnyj-chaj-lipton-limon-05-l,89.90 д /шт 121.90 д /шт от 1 шт,243.8,руб/л,0.5,Пересчёт по указанной в названии массе/объёму
2026-10-05_21-24-47_048716,2026-10-05T21:04:01+03:00,,,METRO,Москва,metro_moscow_leningradskoe_71g,"Москва и область, Ленинградское ш., 71Г",300208,"RIOBA Кофе в капсулах Cremoso для кофемашин Nespresso 10шт, 52г",Напитки,Кофе и какао,название и продуктовый раздел магазина,"Чай, кофе, какао",https://online.metro-cc.ru/category/chaj-kofe-kakao,329.0,/шт,торговый центр,зачёркнутая цена в блоке торгового центра,10шт; 52г,В наличии,https://online.metro-cc.ru/products/rioba-kofe-v-kapsulah-cremoso-dlya-kofemashin-nespresso-10sht-52g,249 д /шт 329 д /шт от 1 шт,,,,Мультиупаковка без подтверждённой общей массы
2026-10-05_21-24-47_048716,2026-10-05T21:04:01+03:00,,,METRO,Москва,metro_moscow_leningradskoe_71g,"Москва и область, Ленинградское ш., 71Г",247918,"Кофе Poetti Professional Aroma Vending зерновой, 1кг",Напитки,Кофе и какао,название и продуктовый раздел магазина,"Чай, кофе, какао",https://online.metro-cc.ru/category/chaj-kofe-kakao,2099.01,/шт,торговый центр,зачёркнутая цена в блоке торгового центра,1кг,В наличии,https://online.metro-cc.ru/products/1kg-kofe-poetti-professional-aroma-vending-zernovoy,1 298.99 д /шт 2 099.01 д /шт от 1 шт,2099.01,руб/кг,1.0,Пересчёт по указанной в названии массе/объёму
2026-10-05_21-24-47_048716,2026-10-05T21:04:01+03:00,,,METRO,Москва,metro_moscow_leningradskoe_71g,"Москва и область, Ленинградское ш., 71Г",8352,"RIOBA Кофе в капсулах Dolce Gusto Americano 16шт, 112г",Напитки,Кофе и какао,название и продуктовый раздел магазина,"Чай, кофе, какао",https://online.metro-cc.ru/category/chaj-kofe-kakao,539.0,/шт,торговый центр,зачёркнутая цена в блоке торгового центра,16шт; 112г,В наличии,https://online.metro-cc.ru/products/rioba-dolce-gusto-americano-16sht,469 д /шт 539 д /шт от 1 шт,,,,Мультиупаковка без подтверждённой общей массы
2026-10-05_21-24-47_048716,2026-10-05T21:04:01+03:00,,,METRO,Москва,metro_moscow_leningradskoe_71g,"Москва и область, Ленинградское ш., 71Г",133439,"RIOBA Кофе в капсулах Dolce Gusto Cappuccino 8 порций 16 капсул, 168г",Напитки,Кофе и какао,название и продуктовый раздел магазина,"Чай, кофе, какао",https://online.metro-cc.ru/category/chaj-kofe-kakao,539.0,/шт,торговый центр,зачёркнутая цена в блоке торгового центра,168г,В наличии,https://online.metro-cc.ru/products/192g-kofe-v-kaps-rioba-dolce-gusto-cappuccino,469 д /шт 539 д /шт от 1 шт,3208.33,руб/кг,0.168,Пересчёт по указанной в названии массе/объёму
2026-10-05_21-24-47_048716,2026-10-05T21:04:01+03:00,,,METRO,Москва,metro_moscow_leningradskoe_71g,"Москва и область, Ленинградское ш., 71Г",282558,"Кофе Lebo Mono Colombia молотый дрип-пакеты (10.5г x 6шт), 63г",Напитки,Кофе и какао,название и продуктовый раздел магазина,"Чай, кофе, какао",https://online.metro-cc.ru/category/chaj-kofe-kakao,469.0,/шт,торговый центр,зачёркнутая цена в блоке торгового центра,10.5г; 6шт; 63г,Наличие не подтверждено,https://online.metro-cc.ru/products/6shtkh10-5g-kofe-lebo-mono-colombia-molotyy-drip-pakety,259 д /шт 469 д /шт от 1 шт,,,,Нет однозначной массы/объёма упаковки
2026-10-05_21-24-47_048716,2026-10-05T21:04:01+03:00,,,METRO,Москва,metro_moscow_leningradskoe_71g,"Москва и область, Ленинградское ш., 71Г",468949,"Какао-порошок Красный Октябрь Золотой Ярлык, 100г",Напитки,Кофе и какао,название и продуктовый раздел магазина,"Чай, кофе, какао",https://online.metro-cc.ru/category/chaj-kofe-kakao,189.0,/шт,торговый центр,зачёркнутая цена в блоке торгового центра,100г,В наличии,https://online.metro-cc.ru/products/kakao-poroshok-krasniy-oktyabr-zolotoy-yarlyk-100g,129 д /шт 189 д /шт от 1 шт,1890.0,руб/кг,0.1,Пересчёт по указанной в названии массе/объёму
2026-10-05_21-24-47_048716,2026-10-05T21:04:01+03:00,,,METRO,Москва,metro_moscow_leningradskoe_71g,"Москва и область, Ленинградское ш., 71Г",283554,"Какао-порошок Красный Октябрь Золотой ярлык, 185г",Напитки,Кофе и какао,название и продуктовый раздел магазина,"Чай, кофе, какао",https://online.metro-cc.ru/category/chaj-kofe-kakao,399.0,/шт,торговый центр,зачёркнутая цена в блоке торгового центра,185г,В наличии,https://online.metro-cc.ru/products/185g-kakao-poroshok-zolotoy-yarlyk-gost,229 д /шт 399 д /шт от 1 шт,2156.76,руб/кг,0.185,Пересчёт по указанной в названии массе/объёму
2026-10-05_21-24-47_048716,2026-10-05T21:04:01+03:00,,,METRO,Москва,metro_moscow_leningradskoe_71g,"Москва и область, Ленинградское ш., 71Г",206306,"Напиток Elza Hot Chocolate Горячий шоколад растворимый, 325г",Сладости и перекусы,Шоколад и конфеты,название,"Чай, кофе, какао",https://online.metro-cc.ru/category/chaj-kofe-kakao,798.99,/шт,торговый центр,зачёркнутая цена в блоке торгового центра,325г,В наличии,https://online.metro-cc.ru/products/325g-goryachiy-shokolad-elza,499 д /шт 798.99 д /шт от 1 шт,2458.43,руб/кг,0.325,Пересчёт по указанной в названии массе/объёму
2026-10-05_21-24-47_048716,2026-10-05T21:04:01+03:00,,,METRO,Москва,metro_moscow_leningradskoe_71g,"Москва и область, Ленинградское ш., 71Г",226512,"Какао-напиток MacChoco растворимый, 235г",Напитки,Кофе и какао,название и продуктовый раздел магазина,"Чай, кофе, какао",https://online.metro-cc.ru/category/chaj-kofe-kakao,209.0,/шт,торговый центр,зачёркнутая цена в блоке торгового центра,235г,В наличии,https://online.metro-cc.ru/products/235g-kakao-napitok-macchocolate-rastvorimyy,129 д /шт 209 д /шт от 1 шт,889.36,руб/кг,0.235,Пересчёт по указанной в названии массе/объёму
2026-10-05_21-24-47_048716,2026-10-05T21:04:01+03:00,,,METRO,Москва,metro_moscow_leningradskoe_71g,"Москва и область, Ленинградское ш., 71Г",537848,"Какао-порошок Россия Щедрая душа, 100г",Напитки,Кофе и какао,название и продуктовый раздел магазина,"Чай, кофе, какао",https://online.metro-cc.ru/category/chaj-kofe-kakao,209.0,/шт,торговый центр,зачёркнутая цена в блоке торгового центра,100г,В наличии,https://online.metro-cc.ru/products/kakao-poroshok-rossiya-schedraya-dusha-100g,179 д /шт 209 д /шт от 1 шт,2090.0,руб/кг,0.1,Пересчёт по указанной в названии массе/объёму
2026-10-05_21-24-47_048716,2026-10-05T21:04:01+03:00,,,METRO,Москва,metro_moscow_leningradskoe_71g,"Москва и область, Ленинградское ш., 71Г",468916,"Чай Ahmad Tea Earl Grey черный с ароматом бергамота (2г х 25 пак), 50г",Напитки,Чай,название и продуктовый раздел магазина,"Чай, кофе, какао",https://online.metro-cc.ru/category/chaj-kofe-kakao,159.0,/шт,торговый центр,зачёркнутая цена в блоке торгового центра,2г; 50г,В наличии,https://online.metro-cc.ru/products/ahmad-tea-chernyj-s-aromatom-bergamota-earl-grey-25-pak,108.99 д /шт 159 д /шт от 1 шт,,,,Нет однозначной массы/объёма упаковки
2026-10-05_21-24-47_048716,2026-10-05T21:04:01+03:00,,,METRO,Москва,metro_moscow_leningradskoe_71g,"Москва и область, Ленинградское ш., 71Г",567788,"Чай Ahmad Tea Jasmine Green Tea зеленый с жасмином (2г х 25шт), 50г",Напитки,Чай,название и продуктовый раздел магазина,"Чай, кофе, какао",https://online.metro-cc.ru/category/chaj-kofe-kakao,159.0,/шт,торговый центр,зачёркнутая цена в блоке торгового центра,2г; 25шт; 50г,В наличии,https://online.metro-cc.ru/products/ahmad-tea-s-zhasminom-zelenyj-25h2-g,108.99 д /шт 159 д /шт от 1 шт,,,,Нет однозначной массы/объёма упаковки
2026-10-05_21-24-47_048716,2026-10-05T21:04:01+03:00,,,METRO,Москва,metro_moscow_leningradskoe_71g,"Москва и область, Ленинградское ш., 71Г",121853,"Чай Чёрный дракон зеленый с жасмином, 100г",Напитки,Чай,название и продуктовый раздел магазина,"Чай, кофе, какао",https://online.metro-cc.ru/category/chaj-kofe-kakao,239.0,/шт,торговый центр,зачёркнутая цена в блоке торгового центра,100г,В наличии,https://online.metro-cc.ru/products/100g-chyornyj-drakon-zelyonyj-s-zhasminom,189 д /шт 239 д /шт от 1 шт,2390.0,руб/кг,0.1,Пересчёт по указанной в названии массе/объёму
2026-10-05_21-24-47_048716,2026-10-05T21:04:01+03:00,,,METRO,Москва,metro_moscow_leningradskoe_71g,"Москва и область, Ленинградское ш., 71Г",246985,"Чай черный Teatone бергамот в стиках (1.8г x 15шт), 27г",Напитки,Чай,название и продуктовый раздел магазина,"Чай, кофе, какао",https://online.metro-cc.ru/category/chaj-kofe-kakao,269.0,/шт,торговый центр,зачёркнутая цена в блоке торгового центра,1.8г; 15шт; 27г,В наличии,https://online.metro-cc.ru/products/chay-chernyy-teatone-bergamot-v-stikah-18g-x-15sht-27g,199 д /шт 269 д /шт от 1 шт,,,,Нет однозначной массы/объёма упаковки
2026-10-05_21-24-47_048716,2026-10-05T21:04:01+03:00,,,METRO,Москва,metro_moscow_leningradskoe_71g,"Москва и область, Ленинградское ш., 71Г",71790,"Чай черный Kioko с розмарином и ароматом облепихи (2г x 25шт), 50г",Напитки,Чай,название и продуктовый раздел магазина,"Чай, кофе, какао",https://online.metro-cc.ru/category/chaj-kofe-kakao,249.0,/шт,торговый центр,зачёркнутая цена в блоке торгового центра,2г; 25шт; 50г,В наличии,https://online.metro-cc.ru/products/chay-kioko-s-rozmarinom-i-aromatom-oblepihi-50g,139 д /шт 249 д /шт от 1 шт,,,,Нет однозначной массы/объёма упаковки
2026-10-05_21-24-47_048716,2026-10-05T21:04:01+03:00,,,METRO,Москва,metro_moscow_leningradskoe_71g,"Москва и область, Ленинградское ш., 71Г",443093,"Напиток растительный Elza Natural Цикорий растворимый гранулированный, 100г",Напитки,Кофе и какао,название и продуктовый раздел магазина,"Чай, кофе, какао",https://online.metro-cc.ru/category/chaj-kofe-kakao,498.99,/шт,торговый центр,зачёркнутая цена в блоке торгового центра,100г,В наличии,https://online.metro-cc.ru/products/napitok-rastitelniy-elza-tsikoriy-rastvorimiy-granulirovanniy-100g,289 д /шт 498.99 д /шт от 1 шт,4989.9,руб/кг,0.1,Пересчёт по указанной в названии массе/объёму
2026-10-05_21-24-47_048716,2026-10-05T21:04:01+03:00,,,METRO,Москва,metro_moscow_leningradskoe_71g,"Москва и область, Ленинградское ш., 71Г",227975,"Цикорий Uniqa Chicory сублимированный, 95г",Напитки,Кофе и какао,название и продуктовый раздел магазина,"Чай, кофе, какао",https://online.metro-cc.ru/category/chaj-kofe-kakao,439.0,/шт,торговый центр,зачёркнутая цена в блоке торгового центра,95г,В наличии,https://online.metro-cc.ru/products/tsikoriy-uniqa-chicory-kristal-95g,299 д /шт 439 д /шт от 1 шт,4621.05,руб/кг,0.095,Пересчёт по указанной в названии массе/объёму
2026-10-05_21-24-47_048716,2026-10-05T21:04:01+03:00,,,METRO,Москва,metro_moscow_leningradskoe_71g,"Москва и область, Ленинградское ш., 71Г",542410,"Цикорий Экологика натуральный растворимый, 85г",Напитки,Кофе и какао,название и продуктовый раздел магазина,"Чай, кофе, какао",https://online.metro-cc.ru/category/chaj-kofe-kakao,489.0,/шт,торговый центр,зачёркнутая цена в блоке торгового центра,85г,В наличии,https://online.metro-cc.ru/products/ekologika-naturalnyj-sublimirovannyj-rastvorimyj-85g,359 д /шт 489 д /шт от 1 шт,5752.94,руб/кг,0.085,Пересчёт по указанной в названии массе/объёму
2026-10-05_21-24-47_048716,2026-10-05T21:04:01+03:00,,,METRO,Москва,metro_moscow_leningradskoe_71g,"Москва и область, Ленинградское ш., 71Г",401799,"Цикорий Целебник порошкообразный, 85г",Напитки,Кофе и какао,название и продуктовый раздел магазина,"Чай, кофе, какао",https://online.metro-cc.ru/category/chaj-kofe-kakao,129.0,/шт,торговый центр,зачёркнутая цена в блоке торгового центра,85г,В наличии,https://online.metro-cc.ru/products/tsikoriy-tselebnik-poroshkoobraznyy-85g-401799,59.90 д /шт 129 д /шт от 1 шт,1517.65,руб/кг,0.085,Пересчёт по указанной в названии массе/объёму
2026-10-05_21-24-47_048716,2026-10-05T21:04:01+03:00,,,METRO,Москва,metro_moscow_leningradskoe_71g,"Москва и область, Ленинградское ш., 71Г",296085,"Напиток растительный Tibet's Herbs Цикорий натуральный, 160г",Напитки,Кофе и какао,название и продуктовый раздел магазина,"Чай, кофе, какао",https://online.metro-cc.ru/category/chaj-kofe-kakao,279.0,/шт,торговый центр,зачёркнутая цена в блоке торгового центра,160г,Наличие не подтверждено,https://online.metro-cc.ru/products/tsikoriy-tibets-herbs-naturalnyy-160g,189 д /шт 279 д /шт от 1 шт,1743.75,руб/кг,0.16,Пересчёт по указанной в названии массе/объёму
2026-10-05_21-24-47_048716,2026-10-05T21:04:19+03:00,,,METRO,Москва,metro_moscow_leningradskoe_71g,"Москва и область, Ленинградское ш., 71Г",597957,"aro Тряпка для пола из микрофибры, 50 х 55см",Расходники,Уборочный инвентарь,название расходника и непродовольственный раздел магазина,Товары для дома,https://online.metro-cc.ru/category/tovary-dlya-doma-dachi-sada,149.0,/шт,торговый центр,зачёркнутая цена в блоке торгового центра,,В наличии,https://online.metro-cc.ru/products/tryapka-dlya-pola-aro-mikrofibra,99 д /шт 149 д /шт от 1 шт,,,,Нет однозначной массы/объёма упаковки
2026-10-05_21-24-47_048716,2026-10-05T21:04:41+03:00,,,METRO,Москва,metro_moscow_leningradskoe_71g,"Москва и область, Ленинградское ш., 71Г",72858,"Чистящий гель Доместос универсальный Лимонная свежесть, 1.5л",Бытовая химия,Уборка,название расходника и непродовольственный раздел магазина,Бытовая химия,https://online.metro-cc.ru/category/bytovaya-himiya,399.0,/шт,торговый центр,зачёркнутая цена в блоке торгового центра,1.5л,В наличии,https://online.metro-cc.ru/products/chistyaschiy-gel-domestos-universalniy-limonnaya-svezhest-1-5l,279 д /шт 399 д /шт от 1 шт,266.0,руб/л,1.5,Пересчёт по указанной в названии массе/объёму
2026-10-05_21-24-47_048716,2026-10-05T21:04:41+03:00,,,METRO,Москва,metro_moscow_leningradskoe_71g,"Москва и область, Ленинградское ш., 71Г",133760,"Гель для труб Xtormer Turbo устранение засоров, 1л",Бытовая химия,Прочая бытовая химия,категория магазина,Бытовая химия,https://online.metro-cc.ru/category/bytovaya-himiya,999.0,/шт,торговый центр,зачёркнутая цена в блоке торгового центра,1л,В наличии,https://online.metro-cc.ru/products/gel-dlya-trub-xtormer-professional-ustranenie-zasorov-1l,599 д /шт 999 д /шт от 1 шт,999.0,руб/л,1.0,Пересчёт по указанной в названии массе/объёму
2026-10-05_21-24-47_048716,2026-10-05T21:04:41+03:00,,,METRO,Москва,metro_moscow_leningradskoe_71g,"Москва и область, Ленинградское ш., 71Г",133761,"Гель для труб Xtormer Professional устранение засоров, 1л",Бытовая химия,Прочая бытовая химия,категория магазина,Бытовая химия,https://online.metro-cc.ru/category/bytovaya-himiya,829.0,/шт,торговый центр,зачёркнутая цена в блоке торгового центра,1л,В наличии,https://online.metro-cc.ru/products/gel-dlya-trub-xtormer-turbo-ustranenie-zasorov-1l,479 д /шт 829 д /шт от 1 шт,829.0,руб/л,1.0,Пересчёт по указанной в названии массе/объёму
2026-10-05_21-24-47_048716,2026-10-05T21:04:41+03:00,,,METRO,Москва,metro_moscow_leningradskoe_71g,"Москва и область, Ленинградское ш., 71Г",202064,"Гель для труб Xtormer Maximum устранение засоров, 850мл",Бытовая химия,Прочая бытовая химия,категория магазина,Бытовая химия,https://online.metro-cc.ru/category/bytovaya-himiya,1129.0,/шт,торговый центр,зачёркнутая цена в блоке торгового центра,850мл,В наличии,https://online.metro-cc.ru/products/gel-dlya-trub-xtormer-maximum-ustranenie-zasorov-850ml,649 д /шт 1 129 д /шт от 1 шт,1328.24,руб/л,0.85,Пересчёт по указанной в названии массе/объёму
2026-10-05_21-24-47_048716,2026-10-05T21:04:41+03:00,,,METRO,Москва,metro_moscow_leningradskoe_71g,"Москва и область, Ленинградское ш., 71Г",202065,"Гель для труб Xtormer Maximum устранение засоров, 465мл",Бытовая химия,Прочая бытовая химия,категория магазина,Бытовая химия,https://online.metro-cc.ru/category/bytovaya-himiya,679.0,/шт,торговый центр,зачёркнутая цена в блоке торгового центра,465мл,В наличии,https://online.metro-cc.ru/products/gel-dlya-trub-xtormer-maximum-ustranenie-zasorov-465ml,399 д /шт 679 д /шт от 1 шт,1460.22,руб/л,0.465,Пересчёт по указанной в названии массе/объёму
2026-10-05_21-24-47_048716,2026-10-05T21:04:41+03:00,,,METRO,Москва,metro_moscow_leningradskoe_71g,"Москва и область, Ленинградское ш., 71Г",249937,"Кондиционер для белья Tesori D'Oriente Белый мускус ароматический, 760мл",Бытовая химия,Стирка,название расходника и непродовольственный раздел магазина,Бытовая химия,https://online.metro-cc.ru/category/bytovaya-himiya,729.0,/шт,торговый центр,зачёркнутая цена в блоке торгового центра,760мл,В наличии,https://online.metro-cc.ru/products/konditsioner-dlya-belya-tesori-doriente-belyy-muskus-aromaticheskiy-760ml,579 д /шт 729 д /шт от 1 шт,959.21,руб/л,0.76,Пересчёт по указанной в названии массе/объёму
2026-10-05_21-24-47_048716,2026-10-05T21:04:41+03:00,,,METRO,Москва,metro_moscow_leningradskoe_71g,"Москва и область, Ленинградское ш., 71Г",286673,"Капсулы для стирки Synergetic Color гипоаллергенные, 100шт",Бытовая химия,Стирка,название расходника и непродовольственный раздел магазина,Бытовая химия,https://online.metro-cc.ru/category/bytovaya-himiya,3199.0,/шт,торговый центр,зачёркнутая цена в блоке торгового центра,100шт,В наличии,https://online.metro-cc.ru/products/kapsuly-dlya-stirki-synergetic-color-gipoallergennye-100sht,1 299 д /шт 3 199 д /шт от 1 шт,,,,Нет однозначной массы/объёма упаковки
2026-10-05_21-24-47_048716,2026-10-05T21:04:41+03:00,,,METRO,Москва,metro_moscow_leningradskoe_71g,"Москва и область, Ленинградское ш., 71Г",92613,"Гель для стирки Ariel для цветного, 1л",Бытовая химия,Стирка,название расходника и непродовольственный раздел магазина,Бытовая химия,https://online.metro-cc.ru/category/bytovaya-himiya,1129.0,/шт,торговый центр,зачёркнутая цена в блоке торгового центра,1л,В наличии,https://online.metro-cc.ru/products/1l-gel-dlya-stirki-ariel-dlya-tsvetnogo,499 д /шт 1 129 д /шт от 1 шт,1129.0,руб/л,1.0,Пересчёт по указанной в названии массе/объёму
2026-10-05_21-24-47_048716,2026-10-05T21:04:41+03:00,,,METRO,Москва,metro_moscow_leningradskoe_71g,"Москва и область, Ленинградское ш., 71Г",92616,"Гель для стирки Ariel Горный родник, 1л",Бытовая химия,Стирка,название расходника и непродовольственный раздел магазина,Бытовая химия,https://online.metro-cc.ru/category/bytovaya-himiya,1129.0,/шт,торговый центр,зачёркнутая цена в блоке торгового центра,1л,В наличии,https://online.metro-cc.ru/products/1l-gel-dlya-stirki-ariel-gornyy-rodnik,499 д /шт 1 129 д /шт от 1 шт,1129.0,руб/л,1.0,Пересчёт по указанной в названии массе/объёму
2026-10-05_21-24-47_048716,2026-10-05T21:04:41+03:00,,,METRO,Москва,metro_moscow_leningradskoe_71g,"Москва и область, Ленинградское ш., 71Г",92641,"Гель для стирки Ariel Цветочный букет, 1л",Бытовая химия,Стирка,название расходника и непродовольственный раздел магазина,Бытовая химия,https://online.metro-cc.ru/category/bytovaya-himiya,1129.0,/шт,торговый центр,зачёркнутая цена в блоке торгового центра,1л,В наличии,https://online.metro-cc.ru/products/1l-gel-dlya-stirki-ariel-tsvetochnyy-buket,499 д /шт 1 129 д /шт от 1 шт,1129.0,руб/л,1.0,Пересчёт по указанной в названии массе/объёму
2026-10-05_21-24-47_048716,2026-10-05T21:04:41+03:00,,,METRO,Москва,metro_moscow_leningradskoe_71g,"Москва и область, Ленинградское ш., 71Г",261972,"Таблетки для посудомоечной машины Сомат Гига Все-в-1 Экстра лимон, 100шт",Бытовая химия,Мытьё посуды,название расходника и непродовольственный раздел магазина,Бытовая химия,https://online.metro-cc.ru/category/bytovaya-himiya,2399.0,/шт,торговый центр,зачёркнутая цена в блоке торгового центра,100шт,В наличии,https://online.metro-cc.ru/products/tabletki-dlya-posudomoechnoy-mashiny-somat-giga-vse-v-1-ekstra-limon-100sht,1 199 д /шт 2 399 д /шт от 1 шт,,,,Нет однозначной массы/объёма упаковки
2026-10-05_21-24-47_048716,2026-10-05T21:04:41+03:00,,,METRO,Москва,metro_moscow_leningradskoe_71g,"Москва и область, Ленинградское ш., 71Г",242072,"Ополаскиватель для посудомоечных машин Сомат, 750мл",Бытовая химия,Мытьё посуды,название расходника и непродовольственный раздел магазина,Бытовая химия,https://online.metro-cc.ru/category/bytovaya-himiya,629.01,/шт,торговый центр,зачёркнутая цена в блоке торгового центра,750мл,В наличии,https://online.metro-cc.ru/products/opolaskivatel-dlya-posudomoechnyh-mashin-somat-750ml,379 д /шт 629.01 д /шт от 1 шт,838.68,руб/л,0.75,Пересчёт по указанной в названии массе/объёму
2026-10-05_21-24-47_048716,2026-10-05T21:04:41+03:00,,,METRO,Москва,metro_moscow_leningradskoe_71g,"Москва и область, Ленинградское ш., 71Г",214631,"Гель Meine Liebe для мытья овощей-фруктов-детской посуды, 485мл",Бытовая химия,Мытьё посуды,название расходника и непродовольственный раздел магазина,Бытовая химия,https://online.metro-cc.ru/category/bytovaya-himiya,269.01,/шт,торговый центр,зачёркнутая цена в блоке торгового центра,485мл,В наличии,https://online.metro-cc.ru/products/485ml-gel-meine-liebe-dmytya-ovoschfruktdet-posudy,199 д /шт 269.01 д /шт от 1 шт,554.66,руб/л,0.485,Пересчёт по указанной в названии массе/объёму
2026-10-05_21-24-47_048716,2026-10-05T21:04:41+03:00,,,METRO,Москва,metro_moscow_leningradskoe_71g,"Москва и область, Ленинградское ш., 71Г",242074,"Таблетки для посудомоечной машины Сомат Все-в-1 Экстра, 100шт",Бытовая химия,Мытьё посуды,название расходника и непродовольственный раздел магазина,Бытовая химия,https://online.metro-cc.ru/category/bytovaya-himiya,2399.0,/шт,торговый центр,зачёркнутая цена в блоке торгового центра,100шт,В наличии,https://online.metro-cc.ru/products/tabletki-dlya-posudomoechnoy-mashiny-somat-vse-v-1-ekstra-100sht,1 199 д /шт 2 399 д /шт от 1 шт,,,,Нет однозначной массы/объёма упаковки
2026-10-05_21-24-47_048716,2026-10-05T21:04:41+03:00,,,METRO,Москва,metro_moscow_leningradskoe_71g,"Москва и область, Ленинградское ш., 71Г",668730,"Капсулы для посудомоечной машины AOS Crystal Complete, 100шт",Бытовая химия,Мытьё посуды,название расходника и непродовольственный раздел магазина,Бытовая химия,https://online.metro-cc.ru/category/bytovaya-himiya,3299.0,/шт,торговый центр,зачёркнутая цена в блоке торгового центра,100шт,В наличии,https://online.metro-cc.ru/products/kapsuly-dlya-posudomoechnoy-mashiny-aos-crystal-complete-100sht,999 д /шт 3 299 д /шт от 1 шт,,,,Нет однозначной массы/объёма упаковки
2026-10-05_21-24-47_048716,2026-10-05T21:04:50+03:00,,,METRO,Москва,metro_moscow_leningradskoe_71g,"Москва и область, Ленинградское ш., 71Г",291691,"Шампунь Тресемме Восстановление и защита, 1л",Гигиена и косметика,Уход за волосами,название расходника и непродовольственный раздел магазина,Косметика и гигиена,https://online.metro-cc.ru/category/kosmetika,759.0,/шт,торговый центр,зачёркнутая цена в блоке торгового центра,1л,В наличии,https://online.metro-cc.ru/products/1l-shampun-tresemme-vosstanovlenie-i-zaschita,549 д /шт 759 д /шт от 1 шт,759.0,руб/л,1.0,Пересчёт по указанной в названии массе/объёму
2026-10-05_21-24-47_048716,2026-10-05T21:04:50+03:00,,,METRO,Москва,metro_moscow_leningradskoe_71g,"Москва и область, Ленинградское ш., 71Г",606932,"Шампунь Шаума Мягкое Очищение для нормальных волос, 370мл",Гигиена и косметика,Уход за волосами,название расходника и непродовольственный раздел магазина,Косметика и гигиена,https://online.metro-cc.ru/category/kosmetika,269.01,/шт,торговый центр,зачёркнутая цена в блоке торгового центра,370мл,В наличии,https://online.metro-cc.ru/products/schauma-energiya-prirody-krapiva-yabloko-400-ml,199 д /шт 269.01 д /шт от 1 шт,727.05,руб/л,0.37,Пересчёт по указанной в названии массе/объёму
2026-10-05_21-24-47_048716,2026-10-05T21:04:50+03:00,,,METRO,Москва,metro_moscow_leningradskoe_71g,"Москва и область, Ленинградское ш., 71Г",270057,"Лак для волос Тафт без запаха сверхсильная фиксация, 225мл",Гигиена и косметика,Уход за волосами,название расходника и непродовольственный раздел магазина,Косметика и гигиена,https://online.metro-cc.ru/category/kosmetika,399.0,/шт,торговый центр,зачёркнутая цена в блоке торгового центра,225мл,В наличии,https://online.metro-cc.ru/products/225ml-lak-dlya-volos-taft-bez-zapaha-sverhsilnaya-fiksatsiya,329 д /шт 399 д /шт от 1 шт,1773.33,руб/л,0.225,Пересчёт по указанной в названии массе/объёму
2026-10-05_21-24-47_048716,2026-10-05T21:04:50+03:00,,,METRO,Москва,metro_moscow_leningradskoe_71g,"Москва и область, Ленинградское ш., 71Г",471880,"Лак для волос Тафт Power Нежность кашемира мегафиксация 5 для сухих и поврежденных волос, 225мл 225мл",Гигиена и косметика,Уход за волосами,название расходника и непродовольственный раздел магазина,Косметика и гигиена,https://online.metro-cc.ru/category/kosmetika,399.0,/шт,торговый центр,зачёркнутая цена в блоке торгового центра,225мл; 225мл,В наличии,https://online.metro-cc.ru/products/lak-dlya-volos-taft-power-nezhnost-kashemira-megafiksatsiya-5-dlya-sukhikh-i-povrezhdennykh-volos-225ml-471880,329 д /шт 399 д /шт от 1 шт,,,,Нет однозначной массы/объёма упаковки
2026-10-05_21-24-47_048716,2026-10-05T21:04:50+03:00,,,METRO,Москва,metro_moscow_leningradskoe_71g,"Москва и область, Ленинградское ш., 71Г",530426,"Лак для волос Тафт Ultimate экстремальная мегафиксация 5 роскошное сияние, 225мл",Гигиена и косметика,Уход за волосами,название расходника и непродовольственный раздел магазина,Косметика и гигиена,https://online.metro-cc.ru/category/kosmetika,399.0,/шт,торговый центр,зачёркнутая цена в блоке торгового центра,225мл,В наличии,https://online.metro-cc.ru/products/lak-taft-ultimate-ekstremalnaya-fiksaciya-225ml-,329 д /шт 399 д /шт от 1 шт,1773.33,руб/л,0.225,Пересчёт по указанной в названии массе/объёму
2026-10-05_21-24-47_048716,2026-10-05T21:04:50+03:00,,,METRO,Москва,metro_moscow_leningradskoe_71g,"Москва и область, Ленинградское ш., 71Г",58783,"Мыло жидкое Safeguard классическое ослепительно белое, 450мл",Гигиена и косметика,Мыло и средства для душа,название расходника и непродовольственный раздел магазина,Косметика и гигиена,https://online.metro-cc.ru/category/kosmetika,499.0,/шт,торговый центр,зачёркнутая цена в блоке торгового центра,450мл,В наличии,https://online.metro-cc.ru/products/mylo-zhidkoe-safeguard-klassicheskoe-oslepitelno-beloe-450ml,269 д /шт 499 д /шт от 1 шт,1108.89,руб/л,0.45,Пересчёт по указанной в названии массе/объёму
2026-10-05_21-24-47_048716,2026-10-05T21:04:50+03:00,,,METRO,Москва,metro_moscow_leningradskoe_71g,"Москва и область, Ленинградское ш., 71Г",58984,"Антиперспирант-спрей Рексона Нежно и сочно, 150мл",Гигиена и косметика,Дезодоранты,название расходника и непродовольственный раздел магазина,Косметика и гигиена,https://online.metro-cc.ru/category/kosmetika,329.0,/шт,торговый центр,зачёркнутая цена в блоке торгового центра,150мл,В наличии,https://online.metro-cc.ru/products/antiperspirant-reksona-nezhno-i-sochno-sprey-150ml,199 д /шт 329 д /шт от 1 шт,2193.33,руб/л,0.15,Пересчёт по указанной в названии массе/объёму
2026-10-05_21-24-47_048716,2026-10-05T21:04:50+03:00,,,METRO,Москва,metro_moscow_leningradskoe_71g,"Москва и область, Ленинградское ш., 71Г",234905,"Крем Бархатные ручки универсальный для всей семьи, 430мл",Гигиена и косметика,Прочая косметика,категория магазина,Косметика и гигиена,https://online.metro-cc.ru/category/kosmetika,419.0,/шт,торговый центр,зачёркнутая цена в блоке торгового центра,430мл,Наличие не подтверждено,https://online.metro-cc.ru/products/krem-barhatnye-ruchki-universalnyy-dlya-vsey-semi-430ml,319 д /шт 419 д /шт от 1 шт,974.42,руб/л,0.43,Пересчёт по указанной в названии массе/объёму
2026-10-05_21-24-47_048716,2026-10-05T21:04:50+03:00,,,METRO,Москва,metro_moscow_leningradskoe_71g,"Москва и область, Ленинградское ш., 71Г",249945,"Гель для душа + шампунь мужской Old Spice Captain 3в1, 1л",Гигиена и косметика,Уход за волосами,название расходника и непродовольственный раздел магазина,Косметика и гигиена,https://online.metro-cc.ru/category/kosmetika,1099.0,/шт,торговый центр,зачёркнутая цена в блоке торгового центра,1л,В наличии,https://online.metro-cc.ru/products/gel-dlya-dusha-shampun-old-spice-2v1-captain-1l,869 д /шт 1 099 д /шт от 1 шт,1099.0,руб/л,1.0,Пересчёт по указанной в названии массе/объёму
2026-10-05_21-24-47_048716,2026-10-05T21:04:50+03:00,,,METRO,Москва,metro_moscow_leningradskoe_71g,"Москва и область, Ленинградское ш., 71Г",669649,"Пена для бритья Exxe Cool освежающая, 200мл",Гигиена и косметика,Бритьё,название расходника и непродовольственный раздел магазина,Косметика и гигиена,https://online.metro-cc.ru/category/kosmetika,229.01,/шт,торговый центр,зачёркнутая цена в блоке торгового центра,200мл,В наличии,https://online.metro-cc.ru/products/200ml-pena-dbritya-exxe-cool-osvezhayuschaya,179 д /шт 229.01 д /шт от 1 шт,1145.05,руб/л,0.2,Пересчёт по указанной в названии массе/объёму
2026-10-05_21-24-47_048716,2026-10-05T21:04:50+03:00,,,METRO,Москва,metro_moscow_leningradskoe_71g,"Москва и область, Ленинградское ш., 71Г",4292,"Зубная нить Oral-B Essential Floss мята, 50м",Гигиена и косметика,Уход за зубами,название расходника и непродовольственный раздел магазина,Косметика и гигиена,https://online.metro-cc.ru/category/kosmetika,379.01,/шт,торговый центр,зачёркнутая цена в блоке торгового центра,,В наличии,https://online.metro-cc.ru/products/zubnaya-nit-oral-b-essential-floss-myata-50m,279 д /шт 379.01 д /шт от 1 шт,,,,Нет однозначной массы/объёма упаковки
2026-10-05_21-24-47_048716,2026-10-05T21:04:50+03:00,,,METRO,Москва,metro_moscow_leningradskoe_71g,"Москва и область, Ленинградское ш., 71Г",41376,"Зубная паста Oral-B 3D White Advanced Express отбеливание, 75мл",Гигиена и косметика,Уход за зубами,название расходника и непродовольственный раздел магазина,Косметика и гигиена,https://online.metro-cc.ru/category/kosmetika,789.0,/шт,торговый центр,зачёркнутая цена в блоке торгового центра,75мл,В наличии,https://online.metro-cc.ru/products/75ml-zubnaya-pasta-oral-b-3d-white-advanced-express-otbelivan,549 д /шт 789 д /шт от 1 шт,10520.0,руб/л,0.075,Пересчёт по указанной в названии массе/объёму
2026-10-05_21-24-47_048716,2026-10-05T21:04:50+03:00,,,METRO,Москва,metro_moscow_leningradskoe_71g,"Москва и область, Ленинградское ш., 71Г",322524,"Зубная паста Lacalut Aktiv, 75мл",Гигиена и косметика,Уход за зубами,название расходника и непродовольственный раздел магазина,Косметика и гигиена,https://online.metro-cc.ru/category/kosmetika,429.0,/шт,торговый центр,зачёркнутая цена в блоке торгового центра,75мл,В наличии,https://online.metro-cc.ru/products/zubnaya-pasta-lacalut-aktiv-75ml-322524,339 д /шт 429 д /шт от 1 шт,5720.0,руб/л,0.075,Пересчёт по указанной в названии массе/объёму
2026-10-05_21-24-47_048716,2026-10-05T21:04:50+03:00,,,METRO,Москва,metro_moscow_leningradskoe_71g,"Москва и область, Ленинградское ш., 71Г",623727,Зубная щетка President Exclusive средней жесткости,Гигиена и косметика,Уход за зубами,название расходника и непродовольственный раздел магазина,Косметика и гигиена,https://online.metro-cc.ru/category/kosmetika,349.01,/шт,торговый центр,зачёркнутая цена в блоке торгового центра,,В наличии,https://online.metro-cc.ru/products/zubnaya-schetka-president-exclusive-sredney-zhestkosti-623727,279 д /шт 349.01 д /шт от 1 шт,,,,Нет однозначной массы/объёма упаковки
2026-10-05_21-24-47_048716,2026-10-05T21:04:50+03:00,,,METRO,Москва,metro_moscow_leningradskoe_71g,"Москва и область, Ленинградское ш., 71Г",537923,Зубная щетка President Smokers жесткая,Гигиена и косметика,Уход за зубами,название расходника и непродовольственный раздел магазина,Косметика и гигиена,https://online.metro-cc.ru/category/kosmetika,349.01,/шт,торговый центр,зачёркнутая цена в блоке торгового центра,,В наличии,https://online.metro-cc.ru/products/zubnaya-president-smokers,279 д /шт 349.01 д /шт от 1 шт,,,,Нет однозначной массы/объёма упаковки
2026-10-05_21-24-47_048716,2026-10-05T21:04:59+03:00,,,METRO,Москва,metro_moscow_leningradskoe_71g,"Москва и область, Ленинградское ш., 71Г",288316,"Грудинка говяжья Мясо есть! Фермерская охлажденная, ~ 1.8кг",Мясо и птица,Говядина,название и продуктовый раздел магазина,"Мясо, птица",https://online.metro-cc.ru/category/myasnye,959.0,/кг,торговый центр,зачёркнутая цена в блоке торгового центра,~ 1.8кг,В наличии,https://online.metro-cc.ru/products/grudinka-govyazhya-myaso-est-fermerskaya-ohlazhdennaya-18kg,909 д /кг 959 д /кг от 1 кг,959.0,руб/кг,1.0,Источник уже указывает цену за кг/л; в корзине 1 кг/л
2026-10-05_21-24-47_048716,2026-10-05T21:04:59+03:00,,,METRO,Москва,metro_moscow_leningradskoe_71g,"Москва и область, Ленинградское ш., 71Г",60733,"Стриплойн говяжий Мираторг Prime без кости охлажденный, ~1кг",Мясо и птица,Говядина,название и продуктовый раздел магазина,"Мясо, птица",https://online.metro-cc.ru/category/myasnye,3839.0,/кг,торговый центр,цена в блоке торгового центра,~1кг,В наличии,https://online.metro-cc.ru/products/striplojn-govyazhij-prime-bez-kosti-vakuumnaya-upakovka-miratorg-1kg-60733,3 839 д /кг от 1 кг,3839.0,руб/кг,1.0,Источник уже указывает цену за кг/л; в корзине 1 кг/л
2026-10-05_21-24-47_048716,2026-10-05T21:04:59+03:00,,,METRO,Москва,metro_moscow_leningradskoe_71g,"Москва и область, Ленинградское ш., 71Г",252600,"Шницель свиной Самсон охлажденный, 400г",Мясо и птица,Свинина,название и продуктовый раздел магазина,"Мясо, птица",https://online.metro-cc.ru/category/myasnye,369.01,/шт,торговый центр,цена в блоке торгового центра,400г,Наличие не подтверждено,https://online.metro-cc.ru/products/shnitsel-svinoy-samson-ohlazhdennyy-400g,369.01 д /шт от 1 шт,922.52,руб/кг,0.4,Пересчёт по указанной в названии массе/объёму
2026-10-05_21-24-47_048716,2026-10-05T21:04:59+03:00,,,METRO,Москва,metro_moscow_leningradskoe_71g,"Москва и область, Ленинградское ш., 71Г",248953,"Стейк из индейки Пава Пава пряный с горчицей и паприкой охлажденный, 450г",Мясо и птица,Птица,название и продуктовый раздел магазина,"Мясо, птица",https://online.metro-cc.ru/category/myasnye,429.0,/шт,торговый центр,зачёркнутая цена в блоке торгового центра,450г,Наличие не подтверждено,https://online.metro-cc.ru/products/steyk-iz-indeyki-pava-pava-pryanyy-s-gorchitsey-i-paprikoy-450g,385 д /шт 429 д /шт от 1 шт,953.33,руб/кг,0.45,Пересчёт по указанной в названии массе/объёму
2026-10-05_21-24-47_048716,2026-10-05T21:04:59+03:00,,,METRO,Москва,metro_moscow_leningradskoe_71g,"Москва и область, Ленинградское ш., 71Г",249934,"Ассорти из колбасок Грильмания Grillbox XXL охлажденные, 1кг",Мясо и птица,Колбасы и сосиски,название и продуктовый раздел магазина,"Мясо, птица",https://online.metro-cc.ru/category/myasnye,939.0,/шт,торговый центр,цена в блоке торгового центра,1кг,В наличии,https://online.metro-cc.ru/products/assorti-iz-kolbasok-grilmaniya-grillbox-xxl-ohlazhdennye-1kg,939 д /шт от 1 шт,939.0,руб/кг,1.0,Пересчёт по указанной в названии массе/объёму
2026-10-05_21-24-47_048716,2026-10-05T21:04:59+03:00,,,METRO,Москва,metro_moscow_leningradskoe_71g,"Москва и область, Ленинградское ш., 71Г",280208,"Колбаски из индейки Индилайт Барбекю, 350г",Мясо и птица,Колбасы и сосиски,название и продуктовый раздел магазина,"Мясо, птица",https://online.metro-cc.ru/category/myasnye,265.0,/шт,торговый центр,зачёркнутая цена в блоке торгового центра,350г,В наличии,https://online.metro-cc.ru/products/350g-kolbaski-iz-indeyki-indilayt-barbekyu-okhl,215 д /шт 265 д /шт от 1 шт,757.14,руб/кг,0.35,Пересчёт по указанной в названии массе/объёму
2026-10-05_21-24-47_048716,2026-10-05T21:04:59+03:00,,,METRO,Москва,metro_moscow_leningradskoe_71g,"Москва и область, Ленинградское ш., 71Г",12707,"Филе грудки цыпленка-бройлера Петелинка без кожи охлажденное, ~900г",Мясо и птица,Птица,категория магазина,"Мясо, птица",https://online.metro-cc.ru/category/myasnye,665.01,/кг,торговый центр,зачёркнутая цена в блоке торгового центра,~900г,Наличие не подтверждено,https://online.metro-cc.ru/products/file-kurinoe-bez-kozhi-petelinka-12707,605.63 д /кг 665.01 д /кг от 1 кг,665.01,руб/кг,1.0,Источник уже указывает цену за кг/л; в корзине 1 кг/л
2026-10-05_21-24-47_048716,2026-10-05T21:04:59+03:00,,,METRO,Москва,metro_moscow_leningradskoe_71g,"Москва и область, Ленинградское ш., 71Г",639017,"Мясо бедра бескостное цыпленка-бройлера Петелинка охлажденное, ~900г",Мясо и птица,Птица,категория магазина,"Мясо, птица",https://online.metro-cc.ru/category/myasnye,699.01,/кг,торговый центр,цена в блоке торгового центра,~900г,Наличие не подтверждено,https://online.metro-cc.ru/products/file-bedra-cyplenka-brojlera-bez-kozhi-petelinka,699.01 д /кг от 1 кг,699.01,руб/кг,1.0,Источник уже указывает цену за кг/л; в корзине 1 кг/л
2026-10-05_21-24-47_048716,2026-10-05T21:04:59+03:00,,,METRO,Москва,metro_moscow_leningradskoe_71g,"Москва и область, Ленинградское ш., 71Г",131704,"Стрипсы из индейки Пава Пава Натуральные охлажденные, 450г",Мясо и птица,Птица,название и продуктовый раздел магазина,"Мясо, птица",https://online.metro-cc.ru/category/myasnye,419.0,/шт,торговый центр,зачёркнутая цена в блоке торгового центра,450г,Наличие не подтверждено,https://online.metro-cc.ru/products/stripsy-naturalnye-pava-pava-ohlazhdennye-450g,375 д /шт 419 д /шт от 1 шт,931.11,руб/кг,0.45,Пересчёт по указанной в названии массе/объёму
2026-10-05_21-24-47_048716,2026-10-05T21:04:59+03:00,,,METRO,Москва,metro_moscow_leningradskoe_71g,"Москва и область, Ленинградское ш., 71Г",233396,"Филе бедра индейки Пава Пава без кожи охлажденное, 450г",Мясо и птица,Птица,название и продуктовый раздел магазина,"Мясо, птица",https://online.metro-cc.ru/category/myasnye,399.0,/шт,торговый центр,зачёркнутая цена в блоке торгового центра,450г,В наличии,https://online.metro-cc.ru/products/file-bedra-indeyki-pava-pava-bez-kozhi-ohlazhdennoe-450g,355 д /шт 399 д /шт от 1 шт,886.67,руб/кг,0.45,Пересчёт по указанной в названии массе/объёму
2026-10-05_21-24-47_048716,2026-10-05T21:04:59+03:00,,,METRO,Москва,metro_moscow_leningradskoe_71g,"Москва и область, Ленинградское ш., 71Г",669658,"Эскалоп из филе индейки Пава Пава охлажденный, 480г",Мясо и птица,Птица,название и продуктовый раздел магазина,"Мясо, птица",https://online.metro-cc.ru/category/myasnye,459.0,/шт,торговый центр,зачёркнутая цена в блоке торгового центра,480г,В наличии,https://online.metro-cc.ru/products/eskalop-iz-file-indeyki-pava-pava-ohlazhdennyy-480g,409 д /шт 459 д /шт от 1 шт,956.25,руб/кг,0.48,Пересчёт по указанной в названии массе/объёму
2026-10-05_21-24-47_048716,2026-10-05T21:04:59+03:00,,,METRO,Москва,metro_moscow_leningradskoe_71g,"Москва и область, Ленинградское ш., 71Г",513531,"Фарш Самсон Домашний из свинины и говядины охлажденный, 750г",Мясо и птица,Фарш,название и продуктовый раздел магазина,"Мясо, птица",https://online.metro-cc.ru/category/myasnye,629.0,/шт,торговый центр,зачёркнутая цена в блоке торгового центра,750г,Наличие не подтверждено,https://online.metro-cc.ru/products/samson-domashnij-ohlazhdennyj-750g,519 д /шт 629 д /шт от 1 шт,838.67,руб/кг,0.75,Пересчёт по указанной в названии массе/объёму
2026-10-05_21-24-47_048716,2026-10-05T21:04:59+03:00,,,METRO,Москва,metro_moscow_leningradskoe_71g,"Москва и область, Ленинградское ш., 71Г",208346,"Фарш из индейки Пава Пава Нежный охлажденный, 450г",Мясо и птица,Фарш,название и продуктовый раздел магазина,"Мясо, птица",https://online.metro-cc.ru/category/myasnye,259.01,/шт,торговый центр,зачёркнутая цена в блоке торгового центра,450г,Наличие не подтверждено,https://online.metro-cc.ru/products/450g-farsh-nezhnyy-indeyki-pava-pava-lot-ohl,215 д /шт 259.01 д /шт от 1 шт,575.58,руб/кг,0.45,Пересчёт по указанной в названии массе/объёму
2026-10-05_21-24-47_048716,2026-10-05T21:04:59+03:00,,,METRO,Москва,metro_moscow_leningradskoe_71g,"Москва и область, Ленинградское ш., 71Г",394999,"Фарш свино-говяжий Самсон Домашний охлажденный, ~1.8кг",Мясо и птица,Фарш,название и продуктовый раздел магазина,"Мясо, птица",https://online.metro-cc.ru/category/myasnye,819.01,/кг,торговый центр,цена в блоке торгового центра,~1.8кг,В наличии,https://online.metro-cc.ru/products/farsh-svino-govyazhiy-samson-okhlazhdennyy-1-8kg-394999,819.01 д /кг от 1 кг,819.01,руб/кг,1.0,Источник уже указывает цену за кг/л; в корзине 1 кг/л
2026-10-05_21-24-47_048716,2026-10-05T21:04:59+03:00,,,METRO,Москва,metro_moscow_leningradskoe_71g,"Москва и область, Ленинградское ш., 71Г",214313,"Котлеты Черкизово домашние охлажденные, 400г",Готовая еда и полуфабрикаты,Полуфабрикаты,название,"Мясо, птица",https://online.metro-cc.ru/category/myasnye,249.0,/шт,торговый центр,цена в блоке торгового центра,400г,В наличии,https://online.metro-cc.ru/products/400g-kotlety-domashnie-tm-cherkizovo-ohl,249 д /шт от 1 шт,622.5,руб/кг,0.4,Пересчёт по указанной в названии массе/объёму
2026-10-05_21-24-47_048716,2026-10-05T21:04:59+03:00,,,METRO,Москва,metro_moscow_leningradskoe_71g,"Москва и область, Ленинградское ш., 71Г",269086,"Котлеты Петруха мастер сливочные с сыром охлажденные, 500г",Готовая еда и полуфабрикаты,Полуфабрикаты,название,"Мясо, птица",https://online.metro-cc.ru/category/myasnye,239.0,/шт,торговый центр,зачёркнутая цена в блоке торгового центра,500г,В наличии,https://online.metro-cc.ru/products/500g-kotlety-petruha-master-slivochnye-s-syrom-ohl,225.01 д /шт 239 д /шт от 1 шт,478.0,руб/кг,0.5,Пересчёт по указанной в названии массе/объёму
2026-10-05_21-24-47_048716,2026-10-05T21:04:59+03:00,,,METRO,Москва,metro_moscow_leningradskoe_71g,"Москва и область, Ленинградское ш., 71Г",269090,"Митболы Петруха мастер с творожным сыром охлажденные, 350г",Молочные продукты и яйца,Творог,название,"Мясо, птица",https://online.metro-cc.ru/category/myasnye,185.0,/шт,торговый центр,зачёркнутая цена в блоке торгового центра,350г,В наличии,https://online.metro-cc.ru/products/350g-mitboly-petruha-master-s-tvorozhnym-syrom-ohl,145 д /шт 185 д /шт от 1 шт,528.57,руб/кг,0.35,Пересчёт по указанной в названии массе/объёму
2026-10-05_21-24-47_048716,2026-10-05T21:04:59+03:00,,,METRO,Москва,metro_moscow_leningradskoe_71g,"Москва и область, Ленинградское ш., 71Г",270321,"Ромштекс Петелинка из филе грудки и мякоти бедра, 250г",Мясо и птица,Птица,категория магазина,"Мясо, птица",https://online.metro-cc.ru/category/myasnye,175.0,/шт,торговый центр,цена в блоке торгового центра,250г,В наличии,https://online.metro-cc.ru/products/250g-romshteks-petelinka-iz-file-grudki-i-myakoti-bedra,175 д /шт от 1 шт,700.0,руб/кг,0.25,Пересчёт по указанной в названии массе/объёму
2026-10-05_21-24-47_048716,2026-10-05T21:04:59+03:00,,,METRO,Москва,metro_moscow_leningradskoe_71g,"Москва и область, Ленинградское ш., 71Г",282988,"Шницель из цыпленка-бройлера Петруха мастер охлажденный, 300г",Мясо и птица,Птица,категория магазина,"Мясо, птица",https://online.metro-cc.ru/category/myasnye,145.0,/шт,торговый центр,зачёркнутая цена в блоке торгового центра,300г,Наличие не подтверждено,https://online.metro-cc.ru/products/300g-shnitsel-tsb-petruha-master-ohl,129 д /шт 145 д /шт от 1 шт,483.33,руб/кг,0.3,Пересчёт по указанной в названии массе/объёму
2026-10-05_21-24-47_048716,2026-10-05T21:04:59+03:00,,,METRO,Москва,metro_moscow_leningradskoe_71g,"Москва и область, Ленинградское ш., 71Г",314212,"Желудки мышечные цыплят-бройлеров Петелинка охлажденные, 450г",Мясо и птица,Субпродукты,название и продуктовый раздел магазина,"Мясо, птица",https://online.metro-cc.ru/category/myasnye,179.0,/шт,торговый центр,цена в блоке торгового центра,450г,Наличие не подтверждено,https://online.metro-cc.ru/products/zheludki-myshechnye-tsyplyat-broylerov-petelinka-ohlazhdennye-450g,179 д /шт от 1 шт,397.78,руб/кг,0.45,Пересчёт по указанной в названии массе/объёму
2026-10-05_21-24-47_048716,2026-10-05T21:04:59+03:00,,,METRO,Москва,metro_moscow_leningradskoe_71g,"Москва и область, Ленинградское ш., 71Г",637155,"Черева ДляКолбас говяжьи категории АВ 38-40мм, 5м",Мясо и птица,Колбасы и сосиски,название и продуктовый раздел магазина,"Мясо, птица",https://online.metro-cc.ru/category/myasnye,284.58,/шт,торговый центр,цена в блоке торгового центра,,В наличии,https://online.metro-cc.ru/products/chereva-govyazhya-38-40-mm-kategoriya-av-5-m,284.58 д /шт от 1 шт,,,,Нет однозначной массы/объёма упаковки
2026-10-05_21-24-47_048716,2026-10-05T21:04:59+03:00,,,METRO,Москва,metro_moscow_leningradskoe_71g,"Москва и область, Ленинградское ш., 71Г",553085,"Черева свиная 34/36А, 91.44м",Мясо и птица,Свинина,название и продуктовый раздел магазина,"Мясо, птица",https://online.metro-cc.ru/category/myasnye,1783.98,/шт,торговый центр,цена в блоке торгового центра,,Наличие не подтверждено,https://online.metro-cc.ru/products/chereva-34-36-9144m,1 783.98 д /шт от 1 шт,,,,Нет однозначной массы/объёма упаковки
2026-10-05_21-24-47_048716,2026-10-05T21:05:23+03:00,,,METRO,Москва,metro_moscow_leningradskoe_71g,"Москва и область, Ленинградское ш., 71Г",532431,"Форель радужная розовое мясо охлажденное, ~1.2кг",Рыба и морепродукты,Рыба,название и продуктовый раздел магазина,"Рыба, икра, морепродукты",https://online.metro-cc.ru/category/rybnye,1019.0,/кг,торговый центр,зачёркнутая цена в блоке торгового центра,~1.2кг,В наличии,https://online.metro-cc.ru/products/forel-raduzhnaya-rozmyaso-1-2kg,929.01 д /кг 1 019 д /кг от 1 кг,1019.0,руб/кг,1.0,Источник уже указывает цену за кг/л; в корзине 1 кг/л
2026-10-05_21-24-47_048716,2026-10-05T21:05:55+03:00,,,METRO,Москва,metro_moscow_leningradskoe_71g,"Москва и область, Ленинградское ш., 71Г",539053,"Квас Царские припасы Традиционный живой, 1л",Напитки,Газировка и квас,название и продуктовый раздел магазина,"Вода, соки, напитки",https://online.metro-cc.ru/category/bezalkogolnye-napitki,159.0,/шт,торговый центр,цена в блоке торгового центра,1л,В наличии,https://online.metro-cc.ru/products/kvas-tsarskiye-pripasy-traditsionniy-zhivoy-1l-539053,159 д /шт от 1 шт,159.0,руб/л,1.0,Пересчёт по указанной в названии массе/объёму
2026-10-05_21-24-47_048716,2026-10-05T21:05:55+03:00,,,METRO,Москва,metro_moscow_leningradskoe_71g,"Москва и область, Ленинградское ш., 71Г",98847,"Квас Лидский Хлебный, 1.5л",Напитки,Газировка и квас,название и продуктовый раздел магазина,"Вода, соки, напитки",https://online.metro-cc.ru/category/bezalkogolnye-napitki,199.9,/шт,торговый центр,зачёркнутая цена в блоке торгового центра,1.5л,Наличие не подтверждено,https://online.metro-cc.ru/products/kvas-lidskij-hlebnyj-pet-15l,159.91 д /шт 199.90 д /шт от 1 шт,133.27,руб/л,1.5,Пересчёт по указанной в названии массе/объёму
2026-10-05_21-24-47_048716,2026-10-05T21:05:55+03:00,,,METRO,Москва,metro_moscow_leningradskoe_71g,"Москва и область, Ленинградское ш., 71Г",85141,"Квас Квасной край, 1.5л",Напитки,Газировка и квас,название и продуктовый раздел магазина,"Вода, соки, напитки",https://online.metro-cc.ru/category/bezalkogolnye-napitki,139.9,/шт,торговый центр,зачёркнутая цена в блоке торгового центра,1.5л,Наличие не подтверждено,https://online.metro-cc.ru/products/kvas-kvasnoy-kray-15l,94.90 д /шт 139.90 д /шт от 1 шт,93.27,руб/л,1.5,Пересчёт по указанной в названии массе/объёму
2026-10-05_21-24-47_048716,2026-10-05T21:05:55+03:00,,,METRO,Москва,metro_moscow_leningradskoe_71g,"Москва и область, Ленинградское ш., 71Г",69089,"Квас Черноголовка, 2л",Напитки,Газировка и квас,название и продуктовый раздел магазина,"Вода, соки, напитки",https://online.metro-cc.ru/category/bezalkogolnye-napitki,161.99,/шт,торговый центр,зачёркнутая цена в блоке торгового центра,2л,Наличие не подтверждено,https://online.metro-cc.ru/products/2l-kvas-chernogolovka-pet,139.99 д /шт 161.99 д /шт от 1 шт,81.0,руб/л,2.0,Пересчёт по указанной в названии массе/объёму
2026-10-05_21-24-47_048716,2026-10-05T21:05:55+03:00,,,METRO,Москва,metro_moscow_leningradskoe_71g,"Москва и область, Ленинградское ш., 71Г",539052,"Квас Царские припасы живой, 2л",Напитки,Газировка и квас,название и продуктовый раздел магазина,"Вода, соки, напитки",https://online.metro-cc.ru/category/bezalkogolnye-napitki,249.0,/шт,торговый центр,цена в блоке торгового центра,2л,Наличие не подтверждено,https://online.metro-cc.ru/products/kvas-tsarskiye-pripasy-zhivoy-2l-539052,249 д /шт от 1 шт,124.5,руб/л,2.0,Пересчёт по указанной в названии массе/объёму
2026-10-05_21-24-47_048716,2026-10-05T21:10:28+03:00,,,METRO,Москва,metro_moscow_leningradskoe_71g,"Москва и область, Ленинградское ш., 71Г",669927,"Напиток безалкогольный Drinksome Italian Orange Spritz&Tonic Италиан Оранж Спритц и Тоник газированный, 330мл 330мл",Напитки,Безалкогольные альтернативы,явное обозначение в названии,Крепкий алкоголь и напитки,https://online.metro-cc.ru/category/alkogolnaya-produkciya/krepkiy-alkogol,219.0,/бт,торговый центр,цена в блоке торгового центра,330мл; 330мл,В наличии,https://online.metro-cc.ru/products/napitok-drinksome-italian-orange-spritztonic-bezalkogolnyy-gazirovannyy-330ml,219 д /бт от 1 бт,,,,Неизвестная продажная единица
2026-10-05_21-24-47_048716,2026-10-05T21:10:28+03:00,,,METRO,Москва,metro_moscow_leningradskoe_71g,"Москва и область, Ленинградское ш., 71Г",574854,"Виски шотландский Macallan Double Cask 12 лет в подарочной упаковке, 0.7л",Алкоголь,Виски,название и категория магазина,Крепкий алкоголь и напитки,https://online.metro-cc.ru/category/alkogolnaya-produkciya/krepkiy-alkogol,12999.0,/бт,торговый центр,зачёркнутая цена в блоке торгового центра,0.7л,В наличии,https://online.metro-cc.ru/products/viski-shotlandskiy-macallan-double-cask-12-let-v-podarochnoy-upakovke-0-7l,8 999 д /бт 12 999 д /бт от 1 бт,,,,Неизвестная продажная единица
2026-10-05_21-24-47_048716,2026-10-05T21:10:28+03:00,,,METRO,Москва,metro_moscow_leningradskoe_71g,"Москва и область, Ленинградское ш., 71Г",669921,"Напиток безалкогольный Drinksome Cocktail French 75 Коктейль Френч 75 газированный, 330мл 330мл",Напитки,Безалкогольные альтернативы,явное обозначение в названии,Крепкий алкоголь и напитки,https://online.metro-cc.ru/category/alkogolnaya-produkciya/krepkiy-alkogol,219.0,/бт,торговый центр,цена в блоке торгового центра,330мл; 330мл,В наличии,https://online.metro-cc.ru/products/napitok-drinksome-cocktail-french-75-bezalkogolnyy-gazirovannyy-330ml,219 д /бт от 1 бт,,,,Неизвестная продажная единица
2026-10-05_21-24-47_048716,2026-10-05T21:10:28+03:00,,,METRO,Москва,metro_moscow_leningradskoe_71g,"Москва и область, Ленинградское ш., 71Г",82680,"Виски Ballantine's Finest, 0.7л",Алкоголь,Виски,название и категория магазина,Крепкий алкоголь и напитки,https://online.metro-cc.ru/category/alkogolnaya-produkciya/krepkiy-alkogol,2099.0,/бт,торговый центр,зачёркнутая цена в блоке торгового центра,0.7л,В наличии,https://online.metro-cc.ru/products/07l-viski-ballantines-finest,1 599.01 д /бт 2 099 д /бт от 1 бт,,,,Неизвестная продажная единица
2026-10-05_21-24-47_048716,2026-10-05T21:10:28+03:00,,,METRO,Москва,metro_moscow_leningradskoe_71g,"Москва и область, Ленинградское ш., 71Г",669925,"Напиток безалкогольный Drinksome Cocktail Rum&Cola Коктейль Ром и Кола газированный, 330мл 330мл",Напитки,Безалкогольные альтернативы,явное обозначение в названии,Крепкий алкоголь и напитки,https://online.metro-cc.ru/category/alkogolnaya-produkciya/krepkiy-alkogol,219.0,/бт,торговый центр,цена в блоке торгового центра,330мл; 330мл,В наличии,https://online.metro-cc.ru/products/napitok-drinksome-cocktail-rumcola-bezalkogolnyy-gazirovannyy-330ml,219 д /бт от 1 бт,,,,Неизвестная продажная единица
2026-10-05_21-24-47_048716,2026-10-05T21:10:28+03:00,,,METRO,Москва,metro_moscow_leningradskoe_71g,"Москва и область, Ленинградское ш., 71Г",225371,"Настойка Онегин Гурмэ вишня сладкая, 0.5л",Алкоголь,Водка и настойки,название и категория магазина,Крепкий алкоголь и напитки,https://online.metro-cc.ru/category/alkogolnaya-produkciya/krepkiy-alkogol,1699.0,/бт,торговый центр,зачёркнутая цена в блоке торгового центра,0.5л,В наличии,https://online.metro-cc.ru/products/05l-nastoyka-onegin-gurme-vishnya,1 349 д /бт 1 699 д /бт от 1 бт,,,,Неизвестная продажная единица
2026-10-05_21-24-47_048716,2026-10-05T21:10:28+03:00,,,METRO,Москва,metro_moscow_leningradskoe_71g,"Москва и область, Ленинградское ш., 71Г",274124,"Напиток безалкогольный Drinksome Italian Orange Spritz Италиан Сприц негазированный, 0.7л 0.7л",Напитки,Безалкогольные альтернативы,явное обозначение в названии,Крепкий алкоголь и напитки,https://online.metro-cc.ru/category/alkogolnaya-produkciya/krepkiy-alkogol,1299.0,/бт,торговый центр,цена в блоке торгового центра,0.7л; 0.7л,В наличии,https://online.metro-cc.ru/products/07l-nap-drinksome-sprits-italian-ba,1 299 д /бт от 1 бт,,,,Неизвестная продажная единица
2026-10-05_21-24-47_048716,2026-10-05T21:10:28+03:00,,,METRO,Москва,metro_moscow_leningradskoe_71g,"Москва и область, Ленинградское ш., 71Г",285649,"Напиток безалкогольный Drinksome Highland Scotch Whiskey Скотч негазированный, 0.7л 0.7л",Напитки,Безалкогольные альтернативы,явное обозначение в названии,Крепкий алкоголь и напитки,https://online.metro-cc.ru/category/alkogolnaya-produkciya/krepkiy-alkogol,1299.0,/бт,торговый центр,цена в блоке торгового центра,0.7л; 0.7л,В наличии,https://online.metro-cc.ru/products/0-7l-viski-drinksome-highland-scotch-b-a,1 299 д /бт от 1 бт,,,,Неизвестная продажная единица
2026-10-05_21-24-47_048716,2026-10-05T21:10:28+03:00,,,METRO,Москва,metro_moscow_leningradskoe_71g,"Москва и область, Ленинградское ш., 71Г",253800,"Джин Whitley Neill Distillers Cut London Dry, 0.7л",Алкоголь,Крепкие напитки,название и категория магазина,Крепкий алкоголь и напитки,https://online.metro-cc.ru/category/alkogolnaya-produkciya/krepkiy-alkogol,1299.0,/бт,торговый центр,зачёркнутая цена в блоке торгового центра,0.7л,В наличии,https://online.metro-cc.ru/products/dzhin-whitley-neill-distillers-cut-london-dry-07l,1 099 д /бт 1 299 д /бт от 1 бт,,,,Неизвестная продажная единица
2026-10-05_21-24-47_048716,2026-10-05T21:10:28+03:00,,,METRO,Москва,metro_moscow_leningradskoe_71g,"Москва и область, Ленинградское ш., 71Г",253802,"Настойка Онегин Гурмэ Черная смородина сладкая, 0.5л",Алкоголь,Водка и настойки,название и категория магазина,Крепкий алкоголь и напитки,https://online.metro-cc.ru/category/alkogolnaya-produkciya/krepkiy-alkogol,1699.0,/бт,торговый центр,зачёркнутая цена в блоке торгового центра,0.5л,В наличии,https://online.metro-cc.ru/products/nastoyka-onegin-gurme-chernaya-smorodina-05l,1 349 д /бт 1 699 д /бт от 1 бт,,,,Неизвестная продажная единица
2026-10-05_21-24-47_048716,2026-10-05T21:11:16+03:00,,,METRO,Москва,metro_moscow_leningradskoe_71g,"Москва и область, Ленинградское ш., 71Г",58787,"Мыло жидкое Safeguard аромат сакуры, 225мл",Гигиена и косметика,Мыло и средства для душа,название расходника и непродовольственный раздел магазина,Бытовая химия,https://online.metro-cc.ru/category/bytovaya-himiya,219.0,/шт,торговый центр,зачёркнутая цена в блоке торгового центра,225мл,Наличие не подтверждено,https://online.metro-cc.ru/products/mylo-zhidkoe-safeguard-aromat-sakury-225ml,149 д /шт 219 д /шт от 1 шт,973.33,руб/л,0.225,Пересчёт по указанной в названии массе/объёму
2026-10-05_21-24-47_048716,2026-10-05T21:11:16+03:00,,,METRO,Москва,metro_moscow_leningradskoe_71g,"Москва и область, Ленинградское ш., 71Г",58790,"Мыло жидкое Safeguard лимонная свежесть, 225мл",Гигиена и косметика,Мыло и средства для душа,название расходника и непродовольственный раздел магазина,Бытовая химия,https://online.metro-cc.ru/category/bytovaya-himiya,219.0,/шт,торговый центр,зачёркнутая цена в блоке торгового центра,225мл,В наличии,https://online.metro-cc.ru/products/mylo-zhidkoe-safeguard-limonnaya-svezhest-225ml,149 д /шт 219 д /шт от 1 шт,973.33,руб/л,0.225,Пересчёт по указанной в названии массе/объёму
2026-10-05_21-24-47_048716,2026-10-05T21:11:16+03:00,,,METRO,Москва,metro_moscow_leningradskoe_71g,"Москва и область, Ленинградское ш., 71Г",223267,"Мыло жидкое Safeguard классическое, 225мл",Гигиена и косметика,Мыло и средства для душа,название расходника и непродовольственный раздел магазина,Бытовая химия,https://online.metro-cc.ru/category/bytovaya-himiya,219.0,/шт,торговый центр,зачёркнутая цена в блоке торгового центра,225мл,В наличии,https://online.metro-cc.ru/products/225ml-mylo-zhidkoe-safeguard-klassicheskoe,149 д /шт 219 д /шт от 1 шт,973.33,руб/л,0.225,Пересчёт по указанной в названии массе/объёму
2026-10-05_21-24-47_048716,2026-10-05T21:11:16+03:00,,,METRO,Москва,metro_moscow_leningradskoe_71g,"Москва и область, Ленинградское ш., 71Г",60565,Секция Раптор от моли с запахом лаванды,Бытовая химия,Прочая бытовая химия,категория магазина,Бытовая химия,https://online.metro-cc.ru/category/bytovaya-himiya,84.9,/шт,торговый центр,зачёркнутая цена в блоке торгового центра,,В наличии,https://online.metro-cc.ru/products/sektsiya-raptor-ot-moli-s-zapakhom-lavandy-60565,69.90 д /шт 84.90 д /шт от 1 шт,,,,Нет однозначной массы/объёма упаковки
2026-10-05_21-24-47_048716,2026-10-05T21:11:16+03:00,,,METRO,Москва,metro_moscow_leningradskoe_71g,"Москва и область, Ленинградское ш., 71Г",468548,"Ловушка Раптор от тараканов, 6шт",Бытовая химия,Прочая бытовая химия,категория магазина,Бытовая химия,https://online.metro-cc.ru/category/bytovaya-himiya,349.01,/шт,торговый центр,зачёркнутая цена в блоке торгового центра,6шт,В наличии,https://online.metro-cc.ru/products/lovushka-raptor-ot-tarakanov-6sht-468548,279 д /шт 349.01 д /шт от 1 шт,,,,Нет однозначной массы/объёма упаковки
2026-10-05_21-24-47_048716,2026-10-05T21:11:16+03:00,,,METRO,Москва,metro_moscow_leningradskoe_71g,"Москва и область, Ленинградское ш., 71Г",461625,"Ловушка Раптор от пищевой моли, 2шт",Бытовая химия,Прочая бытовая химия,категория магазина,Бытовая химия,https://online.metro-cc.ru/category/bytovaya-himiya,219.0,/шт,торговый центр,зачёркнутая цена в блоке торгового центра,2шт,В наличии,https://online.metro-cc.ru/products/raptor-lovushka-zaschita-ot-pischevoj-moli-2-sht,179 д /шт 219 д /шт от 1 шт,,,,Нет однозначной массы/объёма упаковки
2026-10-05_21-24-47_048716,2026-10-05T21:11:16+03:00,,,METRO,Москва,metro_moscow_leningradskoe_71g,"Москва и область, Ленинградское ш., 71Г",482099,"Гель Раптор от тараканов и муравьев, 75мл",Бытовая химия,Прочая бытовая химия,категория магазина,Бытовая химия,https://online.metro-cc.ru/category/bytovaya-himiya,329.0,/шт,торговый центр,зачёркнутая цена в блоке торгового центра,75мл,Наличие не подтверждено,https://online.metro-cc.ru/products/gel-raptor-protiv-tarakanov-muravyev-75ml,279 д /шт 329 д /шт от 1 шт,4386.67,руб/л,0.075,Пересчёт по указанной в названии массе/объёму
2026-10-05_21-24-47_048716,2026-10-05T21:11:16+03:00,,,METRO,Москва,metro_moscow_leningradskoe_71g,"Москва и область, Ленинградское ш., 71Г",636853,"Спрей Чистый Дом от клопов и блох, 400мл",Бытовая химия,Прочая бытовая химия,категория магазина,Бытовая химия,https://online.metro-cc.ru/category/bytovaya-himiya,339.0,/шт,торговый центр,цена в блоке торгового центра,400мл,Наличие не подтверждено,https://online.metro-cc.ru/products/sprej-chistyj-ot-klopov-bloh-400ml,339 д /шт от 1 шт,847.5,руб/л,0.4,Пересчёт по указанной в названии массе/объёму
2026-10-05_21-24-47_048716,2026-10-05T21:11:16+03:00,,,METRO,Москва,metro_moscow_leningradskoe_71g,"Москва и область, Ленинградское ш., 71Г",133557,"Освежитель воздуха Arluni амбра и черный перец, 250мл",Бытовая химия,Уборка,название расходника и непродовольственный раздел магазина,Бытовая химия,https://online.metro-cc.ru/category/bytovaya-himiya,379.01,/шт,торговый центр,зачёркнутая цена в блоке торгового центра,250мл,В наличии,https://online.metro-cc.ru/products/osvezhitel-vozduha-arluni-ambra-i-chernyy-perets-250ml,279 д /шт 379.01 д /шт от 1 шт,1516.04,руб/л,0.25,Пересчёт по указанной в названии массе/объёму
2026-10-05_21-24-47_048716,2026-10-05T21:11:16+03:00,,,METRO,Москва,metro_moscow_leningradskoe_71g,"Москва и область, Ленинградское ш., 71Г",669616,"Освежитель воздуха Master Fresh Свежесть Spa 3в1, 300мл",Бытовая химия,Уборка,название расходника и непродовольственный раздел магазина,Бытовая химия,https://online.metro-cc.ru/category/bytovaya-himiya,119.0,/шт,торговый центр,зачёркнутая цена в блоке торгового центра,300мл,В наличии,https://online.metro-cc.ru/products/osvezhitel-vozduha-master-fresh-svezhest-spa-3v1-300ml,99.90 д /шт 119 д /шт от 1 шт,396.67,руб/л,0.3,Пересчёт по указанной в названии массе/объёму
2026-10-05_21-24-47_048716,2026-10-05T21:11:16+03:00,,,METRO,Москва,metro_moscow_leningradskoe_71g,"Москва и область, Ленинградское ш., 71Г",669619,"Освежитель воздуха Master Fresh Свежесть водопада сменный баллон, 250мл",Бытовая химия,Уборка,название расходника и непродовольственный раздел магазина,Бытовая химия,https://online.metro-cc.ru/category/bytovaya-himiya,199.01,/шт,торговый центр,зачёркнутая цена в блоке торгового центра,250мл,В наличии,https://online.metro-cc.ru/products/osvezhitel-vozduha-master-fresh-svezhest-vodopada-smennyy-ballon-250ml,179 д /шт 199.01 д /шт от 1 шт,796.04,руб/л,0.25,Пересчёт по указанной в названии массе/объёму
2026-10-05_21-24-47_048716,2026-10-05T21:11:16+03:00,,,METRO,Москва,metro_moscow_leningradskoe_71g,"Москва и область, Ленинградское ш., 71Г",119436,"Освежитель воздуха Glade Свежесть белья, 300мл",Бытовая химия,Уборка,название расходника и непродовольственный раздел магазина,Бытовая химия,https://online.metro-cc.ru/category/bytovaya-himiya,219.0,/шт,торговый центр,зачёркнутая цена в блоке торгового центра,300мл,В наличии,https://online.metro-cc.ru/products/300ml-glade-svezhest-belya,169 д /шт 219 д /шт от 1 шт,730.0,руб/л,0.3,Пересчёт по указанной в названии массе/объёму
2026-10-05_21-24-47_048716,2026-10-05T21:11:16+03:00,,,METRO,Москва,metro_moscow_leningradskoe_71g,"Москва и область, Ленинградское ш., 71Г",635981,"Освежитель воздуха Glade Пион и сочные ягоды, 300мл",Бытовая химия,Уборка,название расходника и непродовольственный раздел магазина,Бытовая химия,https://online.metro-cc.ru/category/bytovaya-himiya,219.0,/шт,торговый центр,зачёркнутая цена в блоке торгового центра,300мл,В наличии,https://online.metro-cc.ru/products/glade-pion-sochnye-yagody-300ml,169 д /шт 219 д /шт от 1 шт,730.0,руб/л,0.3,Пересчёт по указанной в названии массе/объёму
2026-10-05_21-24-47_048716,2026-10-05T21:11:16+03:00,,,METRO,Москва,metro_moscow_leningradskoe_71g,"Москва и область, Ленинградское ш., 71Г",267361,"Дезодорант Salton для обуви, 150мл",Гигиена и косметика,Дезодоранты,название расходника и непродовольственный раздел магазина,Бытовая химия,https://online.metro-cc.ru/category/bytovaya-himiya,319.01,/шт,торговый центр,зачёркнутая цена в блоке торгового центра,150мл,В наличии,https://online.metro-cc.ru/products/dezodorant-obuvi-salton-150-ml,279 д /шт 319.01 д /шт от 1 шт,2126.73,руб/л,0.15,Пересчёт по указанной в названии массе/объёму
2026-10-05_21-24-47_048716,2026-10-05T21:11:16+03:00,,,METRO,Москва,metro_moscow_leningradskoe_71g,"Москва и область, Ленинградское ш., 71Г",122824,Губка для обуви Salton из гладкой кожи бесцветная,Бытовая химия,Прочая бытовая химия,категория магазина,Бытовая химия,https://online.metro-cc.ru/category/bytovaya-himiya,169.01,/шт,торговый центр,зачёркнутая цена в блоке торгового центра,,В наличии,https://online.metro-cc.ru/products/gubka-d-salton-iz-gladkoj-kozhi-bescvetn,129 д /шт 169.01 д /шт от 1 шт,,,,Нет однозначной массы/объёма упаковки
2026-10-05_21-24-47_048716,2026-10-05T21:11:16+03:00,,,METRO,Москва,metro_moscow_leningradskoe_71g,"Москва и область, Ленинградское ш., 71Г",122823,Губка для обуви Salton из гладкой кожи черная,Бытовая химия,Прочая бытовая химия,категория магазина,Бытовая химия,https://online.metro-cc.ru/category/bytovaya-himiya,169.01,/шт,торговый центр,зачёркнутая цена в блоке торгового центра,,В наличии,https://online.metro-cc.ru/products/gubka-salton-iz-gladkoj-kozhi-chernyj,129 д /шт 169.01 д /шт от 1 шт,,,,Нет однозначной массы/объёма упаковки
2026-10-05_21-24-47_048716,2026-10-05T21:11:16+03:00,,,METRO,Москва,metro_moscow_leningradskoe_71g,"Москва и область, Ленинградское ш., 71Г",337932,Губка для обуви Salton из гладкой кожи бесцветная с дозатором,Бытовая химия,Прочая бытовая химия,категория магазина,Бытовая химия,https://online.metro-cc.ru/category/bytovaya-himiya,279.0,/шт,торговый центр,зачёркнутая цена в блоке торгового центра,,В наличии,https://online.metro-cc.ru/products/gubka-dlya-obuvi-iz-gladkoy-kozhi-salton-bestsvetnaya-s-dozatorom-59ml-337932,249 д /шт 279 д /шт от 1 шт,,,,Нет однозначной массы/объёма упаковки
2026-10-05_21-24-47_048716,2026-10-05T21:11:16+03:00,,,METRO,Москва,metro_moscow_leningradskoe_71g,"Москва и область, Ленинградское ш., 71Г",250258,"Защита от воды Salton для кожи и ткани, 300мл",Бытовая химия,Прочая бытовая химия,категория магазина,Бытовая химия,https://online.metro-cc.ru/category/bytovaya-himiya,399.0,/шт,торговый центр,зачёркнутая цена в блоке торгового центра,300мл,В наличии,https://online.metro-cc.ru/products/zaschita-ot-vody-salton-dlya-kozhi-i-tkani-300ml,349 д /шт 399 д /шт от 1 шт,1330.0,руб/л,0.3,Пересчёт по указанной в названии массе/объёму
2026-10-05_21-24-47_048716,2026-10-05T21:11:35+03:00,,,METRO,Москва,metro_moscow_leningradskoe_71g,"Москва и область, Ленинградское ш., 71Г",82351,"Туалетная бумага Papia Bali 3 слоя, 12 рулонов",Расходники,Бумажные товары,название расходника и непродовольственный раздел магазина,Косметика и гигиена,https://online.metro-cc.ru/category/kosmetika,449.0,/шт,торговый центр,зачёркнутая цена в блоке торгового центра,,В наличии,https://online.metro-cc.ru/products/bumaga-tualetnaya-papia-bali-trehslojnaya-klubnichnaya-12-rulonov,349 д /шт 449 д /шт от 1 шт,,,,Нет однозначной массы/объёма упаковки
